,country_code,country_name,year,value
172,AFG,Afghanistan,2010,60.851
173,AFG,Afghanistan,2011,61.419
174,AFG,Afghanistan,2012,61.923
175,AFG,Afghanistan,2013,62.417
176,AFG,Afghanistan,2014,62.545
177,AFG,Afghanistan,2015,62.659
178,AFG,Afghanistan,2016,63.136
179,AFG,Afghanistan,2017,63.016
180,AFG,Afghanistan,2018,63.081
181,AFG,Afghanistan,2019,63.565
182,AFG,Afghanistan,2020,62.575
355,ALB,Albania,2010,77.936
356,ALB,Albania,2011,78.092
357,ALB,Albania,2012,78.064
358,ALB,Albania,2013,78.123
359,ALB,Albania,2014,78.407
360,ALB,Albania,2015,78.644
361,ALB,Albania,2016,78.86
362,ALB,Albania,2017,79.047
363,ALB,Albania,2018,79.184
364,ALB,Albania,2019,79.282
365,ALB,Albania,2020,76.989
3387,DZA,Algeria,2010,73.808
3388,DZA,Algeria,2011,74.123
3389,DZA,Algeria,2012,74.202
3390,DZA,Algeria,2013,74.615
3391,DZA,Algeria,2014,75.11
3392,DZA,Algeria,2015,75.622
3393,DZA,Algeria,2016,75.732
3394,DZA,Algeria,2017,75.743
3395,DZA,Algeria,2018,76.066
3396,DZA,Algeria,2019,76.474
3397,DZA,Algeria,2020,74.453
294,AGO,Angola,2010,56.726
295,AGO,Angola,2011,57.596
296,AGO,Angola,2012,58.623
297,AGO,Angola,2013,59.307
298,AGO,Angola,2014,60.04
299,AGO,Angola,2015,60.655
300,AGO,Angola,2016,61.092
301,AGO,Angola,2017,61.68
302,AGO,Angola,2018,62.144
303,AGO,Angola,2019,62.448
304,AGO,Angola,2020,62.261
660,ATG,Antigua and Barbuda,2010,76.82
661,ATG,Antigua and Barbuda,2011,77.104
662,ATG,Antigua and Barbuda,2012,77.35
663,ATG,Antigua and Barbuda,2013,77.583
664,ATG,Antigua and Barbuda,2014,77.858
665,ATG,Antigua and Barbuda,2015,77.913
666,ATG,Antigua and Barbuda,2016,78.152
667,ATG,Antigua and Barbuda,2017,78.268
668,ATG,Antigua and Barbuda,2018,78.511
669,ATG,Antigua and Barbuda,2019,78.691
670,ATG,Antigua and Barbuda,2020,78.841
538,ARG,Argentina,2010,75.721
539,ARG,Argentina,2011,76.124
540,ARG,Argentina,2012,76.467
541,ARG,Argentina,2013,76.491
542,ARG,Argentina,2014,76.755
543,ARG,Argentina,2015,76.76
544,ARG,Argentina,2016,76.308
545,ARG,Argentina,2017,76.833
546,ARG,Argentina,2018,76.999
547,ARG,Argentina,2019,77.284
548,ARG,Argentina,2020,75.892
599,ARM,Armenia,2010,73.16
600,ARM,Armenia,2011,73.305
601,ARM,Armenia,2012,73.454
602,ARM,Armenia,2013,73.676
603,ARM,Armenia,2014,74.058
604,ARM,Armenia,2015,74.436
605,ARM,Armenia,2016,74.664
606,ARM,Armenia,2017,74.906
607,ARM,Armenia,2018,75.064
608,ARM,Armenia,2019,75.439
609,ARM,Armenia,2020,72.173
50,ABW,Aruba,2010,75.404
51,ABW,Aruba,2011,75.465
52,ABW,Aruba,2012,75.531
53,ABW,Aruba,2013,75.636
54,ABW,Aruba,2014,75.601
55,ABW,Aruba,2015,75.683
56,ABW,Aruba,2016,75.617
57,ABW,Aruba,2017,75.903
58,ABW,Aruba,2018,76.072
59,ABW,Aruba,2019,76.248
60,ABW,Aruba,2020,75.723
721,AUS,Australia,2010,81.69512195
722,AUS,Australia,2011,81.89512195
723,AUS,Australia,2012,82.04634146
724,AUS,Australia,2013,82.14878049
725,AUS,Australia,2014,82.3
726,AUS,Australia,2015,82.4
727,AUS,Australia,2016,82.44878049
728,AUS,Australia,2017,82.5
729,AUS,Australia,2018,82.74878049
730,AUS,Australia,2019,82.9
731,AUS,Australia,2020,83.2
782,AUT,Austria,2010,80.5804878
783,AUT,Austria,2011,80.98292683
784,AUT,Austria,2012,80.93658537
785,AUT,Austria,2013,81.13658537
786,AUT,Austria,2014,81.4902439
787,AUT,Austria,2015,81.1902439
788,AUT,Austria,2016,81.64146341
789,AUT,Austria,2017,81.64390244
790,AUT,Austria,2018,81.69268293
791,AUT,Austria,2019,81.89512195
792,AUT,Austria,2020,81.19268293
843,AZE,Azerbaijan,2010,69.529
844,AZE,Azerbaijan,2011,69.984
845,AZE,Azerbaijan,2012,70.36
846,AZE,Azerbaijan,2013,70.881
847,AZE,Azerbaijan,2014,71.116
848,AZE,Azerbaijan,2015,71.451
849,AZE,Azerbaijan,2016,72.004
850,AZE,Azerbaijan,2017,72.248
851,AZE,Azerbaijan,2018,72.76
852,AZE,Azerbaijan,2019,73.102
853,AZE,Azerbaijan,2020,66.868
1331,BHS,Bahamas,2010,72.731
1332,BHS,Bahamas,2011,72.564
1333,BHS,Bahamas,2012,72.753
1334,BHS,Bahamas,2013,73.024
1335,BHS,Bahamas,2014,73.366
1336,BHS,Bahamas,2015,73.104
1337,BHS,Bahamas,2016,73.537
1338,BHS,Bahamas,2017,73.632
1339,BHS,Bahamas,2018,73.806
1340,BHS,Bahamas,2019,71.205
1341,BHS,Bahamas,2020,72.677
1270,BHR,Bahrain,2010,78.748
1271,BHR,Bahrain,2011,78.89
1272,BHR,Bahrain,2012,79.081
1273,BHR,Bahrain,2013,79.246
1274,BHR,Bahrain,2014,79.328
1275,BHR,Bahrain,2015,79.405
1276,BHR,Bahrain,2016,79.557
1277,BHR,Bahrain,2017,79.689
1278,BHR,Bahrain,2018,79.857
1279,BHR,Bahrain,2019,80.019
1280,BHR,Bahrain,2020,79.174
1148,BGD,Bangladesh,2010,68.638
1149,BGD,Bangladesh,2011,68.809
1150,BGD,Bangladesh,2012,69.554
1151,BGD,Bangladesh,2013,69.565
1152,BGD,Bangladesh,2014,69.986
1153,BGD,Bangladesh,2015,70.491
1154,BGD,Bangladesh,2016,71.09
1155,BGD,Bangladesh,2017,71.788
1156,BGD,Bangladesh,2018,72.567
1157,BGD,Bangladesh,2019,72.806
1158,BGD,Bangladesh,2020,71.968
1722,BRB,Barbados,2010,75.712
1723,BRB,Barbados,2011,75.917
1724,BRB,Barbados,2012,76.099
1725,BRB,Barbados,2013,76.275
1726,BRB,Barbados,2014,76.476
1727,BRB,Barbados,2015,76.65
1728,BRB,Barbados,2016,76.815
1729,BRB,Barbados,2017,76.936
1730,BRB,Barbados,2018,77.067
1731,BRB,Barbados,2019,77.257
1732,BRB,Barbados,2020,77.393
1453,BLR,Belarus,2010,70.40487805
1454,BLR,Belarus,2011,70.55365854
1455,BLR,Belarus,2012,71.96585366
1456,BLR,Belarus,2013,72.47073171
1457,BLR,Belarus,2014,72.97073171
1458,BLR,Belarus,2015,73.62439024
1459,BLR,Belarus,2016,73.82682927
1460,BLR,Belarus,2017,74.12926829
1461,BLR,Belarus,2018,74.17560976
1462,BLR,Belarus,2019,74.22682927
1463,BLR,Belarus,2020,74.22682927
965,BEL,Belgium,2010,80.18292683
966,BEL,Belgium,2011,80.58536585
967,BEL,Belgium,2012,80.38536585
968,BEL,Belgium,2013,80.58780488
969,BEL,Belgium,2014,81.28780488
970,BEL,Belgium,2015,80.99268293
971,BEL,Belgium,2016,81.43902439
972,BEL,Belgium,2017,81.49268293
973,BEL,Belgium,2018,81.59512195
974,BEL,Belgium,2019,81.99512195
975,BEL,Belgium,2020,80.79512195
1514,BLZ,Belize,2010,72.272
1515,BLZ,Belize,2011,72.651
1516,BLZ,Belize,2012,73.245
1517,BLZ,Belize,2013,73.666
1518,BLZ,Belize,2014,73.311
1519,BLZ,Belize,2015,73.187
1520,BLZ,Belize,2016,73.399
1521,BLZ,Belize,2017,73.562
1522,BLZ,Belize,2018,73.703
1523,BLZ,Belize,2019,73.931
1524,BLZ,Belize,2020,72.854
1026,BEN,Benin,2010,58.363
1027,BEN,Benin,2011,58.462
1028,BEN,Benin,2012,58.716
1029,BEN,Benin,2013,58.965
1030,BEN,Benin,2014,59.125
1031,BEN,Benin,2015,59.377
1032,BEN,Benin,2016,59.539
1033,BEN,Benin,2017,59.856
1034,BEN,Benin,2018,60.14
1035,BEN,Benin,2019,60.454
1036,BEN,Benin,2020,60.088
1539,BMU,Bermuda,2010,79.28853659
1540,BMU,Bermuda,2011,81.15268293
1541,BMU,Bermuda,2012,81.67780488
1542,BMU,Bermuda,2013,80.57243902
1543,BMU,Bermuda,2014,80.79731707
1544,BMU,Bermuda,2015,81.01219512
1545,BMU,Bermuda,2016,81.22707317
1546,BMU,Bermuda,2017,81.44195122
1547,BMU,Bermuda,2018,81.65170732
1548,BMU,Bermuda,2019,81.86658537
1549,BMU,Bermuda,2020,82.05609756
1844,BTN,Bhutan,2010,68.43
1845,BTN,Bhutan,2011,68.881
1846,BTN,Bhutan,2012,69.326
1847,BTN,Bhutan,2013,69.707
1848,BTN,Bhutan,2014,70.049
1849,BTN,Bhutan,2015,70.343
1850,BTN,Bhutan,2016,70.602
1851,BTN,Bhutan,2017,70.847
1852,BTN,Bhutan,2018,71.129
1853,BTN,Bhutan,2019,71.391
1854,BTN,Bhutan,2020,71.609
1600,BOL,Bolivia,2010,66.162
1601,BOL,Bolivia,2011,66.534
1602,BOL,Bolivia,2012,66.705
1603,BOL,Bolivia,2013,67.021
1604,BOL,Bolivia,2014,67.163
1605,BOL,Bolivia,2015,67.318
1606,BOL,Bolivia,2016,67.628
1607,BOL,Bolivia,2017,67.701
1608,BOL,Bolivia,2018,67.748
1609,BOL,Bolivia,2019,67.841
1610,BOL,Bolivia,2020,64.467
1392,BIH,Bosnia and Herzegovina,2010,77.073
1393,BIH,Bosnia and Herzegovina,2011,77.007
1394,BIH,Bosnia and Herzegovina,2012,77.191
1395,BIH,Bosnia and Herzegovina,2013,76.33
1396,BIH,Bosnia and Herzegovina,2014,75.659
1397,BIH,Bosnia and Herzegovina,2015,76.182
1398,BIH,Bosnia and Herzegovina,2016,76.808
1399,BIH,Bosnia and Herzegovina,2017,76.935
1400,BIH,Bosnia and Herzegovina,2018,77.093
1401,BIH,Bosnia and Herzegovina,2019,77.241
1402,BIH,Bosnia and Herzegovina,2020,76.225
1905,BWA,Botswana,2010,60.013
1906,BWA,Botswana,2011,60.53
1907,BWA,Botswana,2012,60.8
1908,BWA,Botswana,2013,61.996
1909,BWA,Botswana,2014,62.608
1910,BWA,Botswana,2015,63.818
1911,BWA,Botswana,2016,65.464
1912,BWA,Botswana,2017,66.753
1913,BWA,Botswana,2018,65.422
1914,BWA,Botswana,2019,65.464
1915,BWA,Botswana,2020,65.647
1661,BRA,Brazil,2010,73.182
1662,BRA,Brazil,2011,73.343
1663,BRA,Brazil,2012,73.552
1664,BRA,Brazil,2013,73.918
1665,BRA,Brazil,2014,74.306
1666,BRA,Brazil,2015,74.332
1667,BRA,Brazil,2016,74.442
1668,BRA,Brazil,2017,74.827
1669,BRA,Brazil,2018,75.109
1670,BRA,Brazil,2019,75.338
1671,BRA,Brazil,2020,74.009
14585,VGB,British Virgin Islands,2010,75.428
14586,VGB,British Virgin Islands,2011,75.486
14587,VGB,British Virgin Islands,2012,75.532
14588,VGB,British Virgin Islands,2013,75.574
14589,VGB,British Virgin Islands,2014,75.612
14590,VGB,British Virgin Islands,2015,75.675
14591,VGB,British Virgin Islands,2016,75.724
14592,VGB,British Virgin Islands,2017,74.785
14593,VGB,British Virgin Islands,2018,75.831
14594,VGB,British Virgin Islands,2019,75.863
14595,VGB,British Virgin Islands,2020,75.849
1783,BRN,Brunei Darussalam,2010,74.849
1784,BRN,Brunei Darussalam,2011,74.858
1785,BRN,Brunei Darussalam,2012,74.827
1786,BRN,Brunei Darussalam,2013,74.799
1787,BRN,Brunei Darussalam,2014,74.779
1788,BRN,Brunei Darussalam,2015,74.75
1789,BRN,Brunei Darussalam,2016,74.733
1790,BRN,Brunei Darussalam,2017,74.722
1791,BRN,Brunei Darussalam,2018,74.712
1792,BRN,Brunei Darussalam,2019,74.748
1793,BRN,Brunei Darussalam,2020,74.795
1209,BGR,Bulgaria,2010,73.51219512
1210,BGR,Bulgaria,2011,74.16341463
1211,BGR,Bulgaria,2012,74.31463415
1212,BGR,Bulgaria,2013,74.86097561
1213,BGR,Bulgaria,2014,74.46585366
1214,BGR,Bulgaria,2015,74.61463415
1215,BGR,Bulgaria,2016,74.81219512
1216,BGR,Bulgaria,2017,74.81463415
1217,BGR,Bulgaria,2018,74.96341463
1218,BGR,Bulgaria,2019,75.11219512
1219,BGR,Bulgaria,2020,73.60731707
1087,BFA,Burkina Faso,2010,56.477
1088,BFA,Burkina Faso,2011,57.125
1089,BFA,Burkina Faso,2012,57.619
1090,BFA,Burkina Faso,2013,57.823
1091,BFA,Burkina Faso,2014,58.359
1092,BFA,Burkina Faso,2015,58.845
1093,BFA,Burkina Faso,2016,59.326
1094,BFA,Burkina Faso,2017,59.536
1095,BFA,Burkina Faso,2018,60.047
1096,BFA,Burkina Faso,2019,60.039
1097,BFA,Burkina Faso,2020,59.731
904,BDI,Burundi,2010,57.081
905,BDI,Burundi,2011,57.769
906,BDI,Burundi,2012,58.493
907,BDI,Burundi,2013,59.235
908,BDI,Burundi,2014,59.868
909,BDI,Burundi,2015,60.217
910,BDI,Burundi,2016,60.793
911,BDI,Burundi,2017,61.553
912,BDI,Burundi,2018,61.688
913,BDI,Burundi,2019,62.351
914,BDI,Burundi,2020,61.566
7123,KHM,Cambodia,2010,67.712
7124,KHM,Cambodia,2011,68.416
7125,KHM,Cambodia,2012,68.915
7126,KHM,Cambodia,2013,69.304
7127,KHM,Cambodia,2014,69.736
7128,KHM,Cambodia,2015,69.873
7129,KHM,Cambodia,2016,70.224
7130,KHM,Cambodia,2017,70.515
7131,KHM,Cambodia,2018,70.561
7132,KHM,Cambodia,2019,70.692
7133,KHM,Cambodia,2020,70.416
2454,CMR,Cameroon,2010,56.582
2455,CMR,Cameroon,2011,57.133
2456,CMR,Cameroon,2012,57.792
2457,CMR,Cameroon,2013,58.476
2458,CMR,Cameroon,2014,58.935
2459,CMR,Cameroon,2015,59.658
2460,CMR,Cameroon,2016,60.233
2461,CMR,Cameroon,2017,60.81
2462,CMR,Cameroon,2018,61.18
2463,CMR,Cameroon,2019,61.584
2464,CMR,Cameroon,2020,60.833
2027,CAN,Canada,2010,81.24634146
2028,CAN,Canada,2011,81.44878049
2029,CAN,Canada,2012,81.64878049
2030,CAN,Canada,2013,81.74878049
2031,CAN,Canada,2014,81.8
2032,CAN,Canada,2015,81.9
2033,CAN,Canada,2016,81.9
2034,CAN,Canada,2017,81.9
2035,CAN,Canada,2018,82.04878049
2036,CAN,Canada,2019,82.04878049
2037,CAN,Canada,2020,81.74878049
2759,CPV,Cape Verde,2010,73.499
2760,CPV,Cape Verde,2011,74.257
2761,CPV,Cape Verde,2012,74.484
2762,CPV,Cape Verde,2013,75.059
2763,CPV,Cape Verde,2014,75.24
2764,CPV,Cape Verde,2015,74.62
2765,CPV,Cape Verde,2016,75.742
2766,CPV,Cape Verde,2017,76.593
2767,CPV,Cape Verde,2018,75.733
2768,CPV,Cape Verde,2019,76.004
2769,CPV,Cape Verde,2020,74.808
2965,CYM,Cayman Islands,2010,82.1902439
12999,TCD,Chad,2010,49.584
13000,TCD,Chad,2011,50.009
13001,TCD,Chad,2012,50.54
13002,TCD,Chad,2013,50.781
13003,TCD,Chad,2014,51.202
13004,TCD,Chad,2015,51.589
13005,TCD,Chad,2016,52.083
13006,TCD,Chad,2017,52.308
13007,TCD,Chad,2018,52.825
13008,TCD,Chad,2019,53.259
13009,TCD,Chad,2020,52.777
2271,CHL,Chile,2010,78.501
2272,CHL,Chile,2011,79.11
2273,CHL,Chile,2012,79.023
2274,CHL,Chile,2013,79.339
2275,CHL,Chile,2014,79.473
2276,CHL,Chile,2015,79.746
2277,CHL,Chile,2016,80.079
2278,CHL,Chile,2017,80.35
2279,CHL,Chile,2018,80.133
2280,CHL,Chile,2019,80.326
2281,CHL,Chile,2020,79.377
2332,CHN,China,2010,75.599
2333,CHN,China,2011,75.903
2334,CHN,China,2012,76.192
2335,CHN,China,2013,76.452
2336,CHN,China,2014,76.717
2337,CHN,China,2015,76.977
2338,CHN,China,2016,77.218
2339,CHN,China,2017,77.248
2340,CHN,China,2018,77.744
2341,CHN,China,2019,77.968
2342,CHN,China,2020,78.077
2637,COL,Colombia,2010,75.033
2638,COL,Colombia,2011,75.32
2639,COL,Colombia,2012,75.597
2640,COL,Colombia,2013,75.827
2641,COL,Colombia,2014,76.043
2642,COL,Colombia,2015,76.257
2643,COL,Colombia,2016,76.471
2644,COL,Colombia,2017,76.646
2645,COL,Colombia,2018,76.748
2646,COL,Colombia,2019,76.752
2647,COL,Colombia,2020,74.769
2698,COM,Comoros,2010,61.123
2699,COM,Comoros,2011,61.503
2700,COM,Comoros,2012,61.834
2701,COM,Comoros,2013,62.224
2702,COM,Comoros,2014,62.516
2703,COM,Comoros,2015,62.896
2704,COM,Comoros,2016,63.237
2705,COM,Comoros,2017,63.625
2706,COM,Comoros,2018,63.912
2707,COM,Comoros,2019,64.068
2708,COM,Comoros,2020,64.166
2576,COG,Congo,2010,61.683
2577,COG,Congo,2011,61.992
2578,COG,Congo,2012,62.317
2579,COG,Congo,2013,62.695
2580,COG,Congo,2014,62.95
2581,COG,Congo,2015,63.233
2582,COG,Congo,2016,63.577
2583,COG,Congo,2017,63.76
2584,COG,Congo,2018,64.053
2585,COG,Congo,2019,62.747
2586,COG,Congo,2020,63.785
2820,CRI,Costa Rica,2010,78.67
2821,CRI,Costa Rica,2011,79.348
2822,CRI,Costa Rica,2012,79.283
2823,CRI,Costa Rica,2013,79.403
2824,CRI,Costa Rica,2014,78.774
2825,CRI,Costa Rica,2015,79.086
2826,CRI,Costa Rica,2016,79.459
2827,CRI,Costa Rica,2017,79.377
2828,CRI,Costa Rica,2018,79.484
2829,CRI,Costa Rica,2019,79.427
2830,CRI,Costa Rica,2020,79.277
2393,CIV,Cote d'Ivoire,2010,55.023
2394,CIV,Cote d'Ivoire,2011,55.52
2395,CIV,Cote d'Ivoire,2012,56.158
2396,CIV,Cote d'Ivoire,2013,56.748
2397,CIV,Cote d'Ivoire,2014,57.208
2398,CIV,Cote d'Ivoire,2015,57.762
2399,CIV,Cote d'Ivoire,2016,58.06
2400,CIV,Cote d'Ivoire,2017,58.48
2401,CIV,Cote d'Ivoire,2018,58.849
2402,CIV,Cote d'Ivoire,2019,59.319
2403,CIV,Cote d'Ivoire,2020,59.032
5724,HRV,Croatia,2010,76.47560976
5725,HRV,Croatia,2011,76.77560976
5726,HRV,Croatia,2012,76.92439024
5727,HRV,Croatia,2013,77.12682927
5728,HRV,Croatia,2014,77.47804878
5729,HRV,Croatia,2015,77.27560976
5730,HRV,Croatia,2016,78.02195122
5731,HRV,Croatia,2017,77.82682927
5732,HRV,Croatia,2018,78.07073171
5733,HRV,Croatia,2019,78.42439024
5734,HRV,Croatia,2020,77.72439024
2942,CUB,Cuba,2010,77.661
2943,CUB,Cuba,2011,77.76
2944,CUB,Cuba,2012,77.833
2945,CUB,Cuba,2013,77.87
2946,CUB,Cuba,2014,77.853
2947,CUB,Cuba,2015,77.772
2948,CUB,Cuba,2016,77.643
2949,CUB,Cuba,2017,77.529
2950,CUB,Cuba,2018,77.496
2951,CUB,Cuba,2019,77.611
2952,CUB,Cuba,2020,77.567
2957,CUW,Curacao,2011,77.47317073
2958,CUW,Curacao,2012,77.52439024
2959,CUW,Curacao,2013,77.82682927
2960,CUW,Curacao,2014,77.97560976
2961,CUW,Curacao,2015,78.07560976
2962,CUW,Curacao,2016,77.7195122
2963,CUW,Curacao,2017,78.01707317
2964,CUW,Curacao,2020,78.78473171
3016,CYP,Cyprus,2010,79.665
3017,CYP,Cyprus,2011,79.999
3018,CYP,Cyprus,2012,80.109
3019,CYP,Cyprus,2013,80.402
3020,CYP,Cyprus,2014,80.771
3021,CYP,Cyprus,2015,80.966
3022,CYP,Cyprus,2016,81.056
3023,CYP,Cyprus,2017,81.328
3024,CYP,Cyprus,2018,81.382
3025,CYP,Cyprus,2019,81.397
3026,CYP,Cyprus,2020,81.391
3077,CZE,Czechia,2010,77.42439024
3078,CZE,Czechia,2011,77.87317073
3079,CZE,Czechia,2012,78.07560976
3080,CZE,Czechia,2013,78.17560976
3081,CZE,Czechia,2014,78.82439024
3082,CZE,Czechia,2015,78.57804878
3083,CZE,Czechia,2016,79.02682927
3084,CZE,Czechia,2017,78.97804878
3085,CZE,Czechia,2018,79.02926829
3086,CZE,Czechia,2019,79.22926829
3087,CZE,Czechia,2020,78.22682927
2515,COD,Democratic Republic of the Congo,2010,56.417
2518,COD,Democratic Republic of the Congo,2013,57.762
2519,COD,Democratic Republic of the Congo,2014,58.296
2520,COD,Democratic Republic of the Congo,2015,58.49
2521,COD,Democratic Republic of the Congo,2016,59.066
2522,COD,Democratic Republic of the Congo,2017,59.411
2523,COD,Democratic Republic of the Congo,2018,59.942
2524,COD,Democratic Republic of the Congo,2019,60.276
2525,COD,Democratic Republic of the Congo,2020,59.739
3265,DNK,Denmark,2010,79.1
3266,DNK,Denmark,2011,79.8
3267,DNK,Denmark,2012,80.05121951
3268,DNK,Denmark,2013,80.3
3269,DNK,Denmark,2014,80.7
3270,DNK,Denmark,2015,80.70243902
3271,DNK,Denmark,2016,80.85365854
3272,DNK,Denmark,2017,81.10243902
3273,DNK,Denmark,2018,80.95365854
3274,DNK,Denmark,2019,81.45121951
3275,DNK,Denmark,2020,81.55121951
3199,DJI,Djibouti,2010,60.259
3200,DJI,Djibouti,2011,60.433
3201,DJI,Djibouti,2012,60.848
3202,DJI,Djibouti,2013,61.221
3203,DJI,Djibouti,2014,61.641
3204,DJI,Djibouti,2015,61.957
3205,DJI,Djibouti,2016,62.191
3206,DJI,Djibouti,2017,62.797
3207,DJI,Djibouti,2018,63.038
3208,DJI,Djibouti,2019,63.085
3209,DJI,Djibouti,2020,62.694
3326,DOM,Dominican Republic,2010,72.093
3327,DOM,Dominican Republic,2011,72.221
3328,DOM,Dominican Republic,2012,72.514
3329,DOM,Dominican Republic,2013,72.713
3330,DOM,Dominican Republic,2014,72.867
3331,DOM,Dominican Republic,2015,72.953
3332,DOM,Dominican Republic,2016,72.987
3333,DOM,Dominican Republic,2017,73.063
3334,DOM,Dominican Republic,2018,73.232
3335,DOM,Dominican Republic,2019,73.577
3336,DOM,Dominican Republic,2020,72.889
3753,ECU,Ecuador,2010,75.43
3754,ECU,Ecuador,2011,75.743
3755,ECU,Ecuador,2012,76.062
3756,ECU,Ecuador,2013,76.369
3757,ECU,Ecuador,2014,76.622
3758,ECU,Ecuador,2015,76.789
3759,ECU,Ecuador,2016,76.763
3760,ECU,Ecuador,2017,76.972
3761,ECU,Ecuador,2018,77.094
3762,ECU,Ecuador,2019,77.297
3763,ECU,Ecuador,2020,72.153
3814,EGY,Egypt,2010,69.664
3815,EGY,Egypt,2011,69.88
3816,EGY,Egypt,2012,70.085
3817,EGY,Egypt,2013,70.052
3818,EGY,Egypt,2014,70.415
3819,EGY,Egypt,2015,70.483
3820,EGY,Egypt,2016,70.844
3821,EGY,Egypt,2017,71.302
3822,EGY,Egypt,2018,71.367
3823,EGY,Egypt,2019,71.358
3824,EGY,Egypt,2020,70.99
12073,SLV,El Salvador,2010,71.848
12074,SLV,El Salvador,2011,71.859
12075,SLV,El Salvador,2012,71.831
12076,SLV,El Salvador,2013,71.771
12077,SLV,El Salvador,2014,71.746
12078,SLV,El Salvador,2015,71.814
12079,SLV,El Salvador,2016,72.025
12080,SLV,El Salvador,2017,72.311
12081,SLV,El Salvador,2018,72.555
12082,SLV,El Salvador,2019,72.559
12083,SLV,El Salvador,2020,71.061
5071,GNQ,Equatorial Guinea,2010,57.878
5072,GNQ,Equatorial Guinea,2011,58.412
5073,GNQ,Equatorial Guinea,2012,58.865
5074,GNQ,Equatorial Guinea,2013,59.224
5075,GNQ,Equatorial Guinea,2014,59.595
5076,GNQ,Equatorial Guinea,2015,60.103
5077,GNQ,Equatorial Guinea,2016,60.479
5078,GNQ,Equatorial Guinea,2017,60.821
5079,GNQ,Equatorial Guinea,2018,61.191
5080,GNQ,Equatorial Guinea,2019,61.644
5081,GNQ,Equatorial Guinea,2020,60.708
3936,ERI,Eritrea,2010,63.787
3937,ERI,Eritrea,2011,64.402
3938,ERI,Eritrea,2012,64.838
3939,ERI,Eritrea,2013,65.067
3940,ERI,Eritrea,2014,65.6
3941,ERI,Eritrea,2015,66.033
3942,ERI,Eritrea,2016,66.289
3943,ERI,Eritrea,2017,66.577
3944,ERI,Eritrea,2018,67.067
3945,ERI,Eritrea,2019,67.3
3946,ERI,Eritrea,2020,67.133
4058,EST,Estonia,2010,75.42926829
4059,EST,Estonia,2011,76.22926829
4060,EST,Estonia,2012,76.32682927
4061,EST,Estonia,2013,77.14146341
4062,EST,Estonia,2014,77.03414634
4063,EST,Estonia,2015,77.5902439
4064,EST,Estonia,2016,77.64146341
4065,EST,Estonia,2017,78.09268293
4066,EST,Estonia,2018,78.24390244
4067,EST,Estonia,2019,78.64634146
4068,EST,Estonia,2020,78.34634146
12768,SWZ,Eswatini,2010,46.619
12769,SWZ,Eswatini,2011,48.195
12770,SWZ,Eswatini,2012,49.835
12771,SWZ,Eswatini,2013,51.486
12772,SWZ,Eswatini,2014,53.05
12773,SWZ,Eswatini,2015,55.019
12774,SWZ,Eswatini,2016,56.659
12775,SWZ,Eswatini,2017,57.895
12776,SWZ,Eswatini,2018,59.411
12777,SWZ,Eswatini,2019,60.549
12778,SWZ,Eswatini,2020,59.692
4119,ETH,Ethiopia,2010,59.73
4120,ETH,Ethiopia,2011,60.721
4121,ETH,Ethiopia,2012,61.543
4122,ETH,Ethiopia,2013,62.373
4123,ETH,Ethiopia,2014,62.905
4124,ETH,Ethiopia,2015,63.649
4125,ETH,Ethiopia,2016,64.392
4126,ETH,Ethiopia,2017,64.838
4127,ETH,Ethiopia,2018,65.412
4128,ETH,Ethiopia,2019,65.838
4129,ETH,Ethiopia,2020,65.371
4461,FRO,Faroe Islands,2010,80.68780488
4462,FRO,Faroe Islands,2011,80.93902439
4463,FRO,Faroe Islands,2012,81.1902439
4464,FRO,Faroe Islands,2013,81.44146341
4465,FRO,Faroe Islands,2014,81.59268293
4466,FRO,Faroe Islands,2015,81.79268293
4467,FRO,Faroe Islands,2016,82.09268293
4468,FRO,Faroe Islands,2017,82.29268293
4469,FRO,Faroe Islands,2018,82.54390244
4470,FRO,Faroe Islands,2019,82.79268293
4471,FRO,Faroe Islands,2020,83.09268293
4522,FSM,Federated States of Micronesia,2010,71.233
4523,FSM,Federated States of Micronesia,2011,71.318
4524,FSM,Federated States of Micronesia,2012,71.398
4525,FSM,Federated States of Micronesia,2013,71.499
4526,FSM,Federated States of Micronesia,2014,71.529
4527,FSM,Federated States of Micronesia,2015,71.408
4528,FSM,Federated States of Micronesia,2016,71.595
4529,FSM,Federated States of Micronesia,2017,71.467
4530,FSM,Federated States of Micronesia,2018,71.318
4531,FSM,Federated States of Micronesia,2019,71.077
4532,FSM,Federated States of Micronesia,2020,70.674
4363,FJI,Fiji,2010,67.328
4364,FJI,Fiji,2011,67.523
4365,FJI,Fiji,2012,67.552
4366,FJI,Fiji,2013,67.428
4367,FJI,Fiji,2014,67.376
4368,FJI,Fiji,2015,66.844
4369,FJI,Fiji,2016,67.24
4370,FJI,Fiji,2017,67.79
4371,FJI,Fiji,2018,67.81
4372,FJI,Fiji,2019,67.893
4373,FJI,Fiji,2020,67.924
4302,FIN,Finland,2010,79.87073171
4303,FIN,Finland,2011,80.47073171
4304,FIN,Finland,2012,80.62682927
4305,FIN,Finland,2013,80.97560976
4306,FIN,Finland,2014,81.1804878
4307,FIN,Finland,2015,81.4804878
4308,FIN,Finland,2016,81.42926829
4309,FIN,Finland,2017,81.63170732
4310,FIN,Finland,2018,81.73414634
4311,FIN,Finland,2019,81.98292683
4312,FIN,Finland,2020,82.13170732
4424,FRA,France,2010,81.66341463
4425,FRA,France,2011,82.11463415
4426,FRA,France,2012,81.96829268
4427,FRA,France,2013,82.2195122
4428,FRA,France,2014,82.7195122
4429,FRA,France,2015,82.32195122
4430,FRA,France,2016,82.57317073
4431,FRA,France,2017,82.57560976
4432,FRA,France,2018,82.67560976
4433,FRA,France,2019,82.82682927
4434,FRA,France,2020,82.17560976
11341,PYF,French Polynesia,2010,81.039
11342,PYF,French Polynesia,2011,81.429
11343,PYF,French Polynesia,2012,81.759
11344,PYF,French Polynesia,2013,82.017
11345,PYF,French Polynesia,2014,82.214
11346,PYF,French Polynesia,2015,82.354
11347,PYF,French Polynesia,2016,82.488
11348,PYF,French Polynesia,2017,82.618
11349,PYF,French Polynesia,2018,82.783
11350,PYF,French Polynesia,2019,82.996
11351,PYF,French Polynesia,2020,82.217
4583,GAB,Gabon,2010,63.898
4584,GAB,Gabon,2011,64.045
4585,GAB,Gabon,2012,64.587
4586,GAB,Gabon,2013,64.776
4587,GAB,Gabon,2014,64.974
4588,GAB,Gabon,2015,65.46
4589,GAB,Gabon,2016,65.802
4590,GAB,Gabon,2017,66.189
4591,GAB,Gabon,2018,66.306
4592,GAB,Gabon,2019,66.603
4593,GAB,Gabon,2020,66.531
4949,GMB,Gambia,2010,60.717
4950,GMB,Gambia,2011,61.526
4951,GMB,Gambia,2012,62.096
4952,GMB,Gambia,2013,62.114
4953,GMB,Gambia,2014,62.269
4954,GMB,Gambia,2015,62.494
4955,GMB,Gambia,2016,63.013
4956,GMB,Gambia,2017,62.995
4957,GMB,Gambia,2018,63.04
4958,GMB,Gambia,2019,63.755
4959,GMB,Gambia,2020,62.612
4705,GEO,Georgia,2010,72.128
4706,GEO,Georgia,2011,72.39
4707,GEO,Georgia,2012,72.412
4708,GEO,Georgia,2013,72.628
4709,GEO,Georgia,2014,73.099
4710,GEO,Georgia,2015,73.297
4711,GEO,Georgia,2016,73.569
4712,GEO,Georgia,2017,73.57
4713,GEO,Georgia,2018,73.341
4714,GEO,Georgia,2019,73.47
4715,GEO,Georgia,2020,72.765
3138,DEU,Germany,2010,79.98780488
3139,DEU,Germany,2011,80.43658537
3140,DEU,Germany,2012,80.53902439
3141,DEU,Germany,2013,80.4902439
3142,DEU,Germany,2014,81.0902439
3143,DEU,Germany,2015,80.64146341
3144,DEU,Germany,2016,80.9902439
3145,DEU,Germany,2017,80.99268293
3146,DEU,Germany,2018,80.89268293
3147,DEU,Germany,2019,81.29268293
3148,DEU,Germany,2020,80.94146341
4766,GHA,Ghana,2010,61.157
4767,GHA,Ghana,2011,61.652
4768,GHA,Ghana,2012,62.081
4769,GHA,Ghana,2013,62.42
4770,GHA,Ghana,2014,63.045
4771,GHA,Ghana,2015,63.175
4772,GHA,Ghana,2016,63.89
4773,GHA,Ghana,2017,64.013
4774,GHA,Ghana,2018,64.122
4775,GHA,Ghana,2019,64.74
4776,GHA,Ghana,2020,64.114
4827,GIB,Gibraltar,2010,80.958
4828,GIB,Gibraltar,2011,81.871
4829,GIB,Gibraltar,2012,83.366
4830,GIB,Gibraltar,2013,80.55
4831,GIB,Gibraltar,2014,81.882
4832,GIB,Gibraltar,2015,80.427
4833,GIB,Gibraltar,2016,81.702
4834,GIB,Gibraltar,2017,81.83
4835,GIB,Gibraltar,2018,82.154
4836,GIB,Gibraltar,2019,82.363
4837,GIB,Gibraltar,2020,82.198
5132,GRC,Greece,2010,80.38780488
5133,GRC,Greece,2011,80.73170732
5134,GRC,Greece,2012,80.63414634
5135,GRC,Greece,2013,81.28536585
5136,GRC,Greece,2014,81.38536585
5137,GRC,Greece,2015,81.03658537
5138,GRC,Greece,2016,81.38780488
5139,GRC,Greece,2017,81.28780488
5140,GRC,Greece,2018,81.78780488
5141,GRC,Greece,2019,81.63902439
5142,GRC,Greece,2020,81.08780488
5236,GRL,Greenland,2010,70.29195122
5237,GRL,Greenland,2011,69.85414634
5238,GRL,Greenland,2012,70.55
5239,GRL,Greenland,2013,71.57341463
5240,GRL,Greenland,2014,71.98560976
5241,GRL,Greenland,2015,71.97731707
5242,GRL,Greenland,2016,71.82512195
5243,GRL,Greenland,2017,71.5797561
5244,GRL,Greenland,2018,71.88658537
5245,GRL,Greenland,2019,72.04756098
5246,GRL,Greenland,2020,71.40463415
5193,GRD,Grenada,2010,74.999
5194,GRD,Grenada,2011,75.295
5195,GRD,Grenada,2012,75.042
5196,GRD,Grenada,2013,75.116
5197,GRD,Grenada,2014,74.985
5198,GRD,Grenada,2015,75.013
5199,GRD,Grenada,2016,74.762
5200,GRD,Grenada,2017,74.765
5201,GRD,Grenada,2018,74.808
5202,GRD,Grenada,2019,74.863
5203,GRD,Grenada,2020,74.924
5297,GTM,Guatemala,2010,70.878
5298,GTM,Guatemala,2011,71.177
5299,GTM,Guatemala,2012,71.463
5300,GTM,Guatemala,2013,71.728
5301,GTM,Guatemala,2014,71.964
5302,GTM,Guatemala,2015,72.103
5303,GTM,Guatemala,2016,72.355
5304,GTM,Guatemala,2017,72.551
5305,GTM,Guatemala,2018,72.726
5306,GTM,Guatemala,2019,73.129
5307,GTM,Guatemala,2020,71.797
4888,GIN,Guinea,2010,56.72
4889,GIN,Guinea,2011,57.019
4890,GIN,Guinea,2012,57.406
4891,GIN,Guinea,2013,57.791
4892,GIN,Guinea,2014,57.886
4893,GIN,Guinea,2015,58.134
4894,GIN,Guinea,2016,58.763
4895,GIN,Guinea,2017,59.109
4896,GIN,Guinea,2018,59.349
4897,GIN,Guinea,2019,59.72
4898,GIN,Guinea,2020,59.327
5010,GNB,Guinea-Bissau,2010,56.23
5011,GNB,Guinea-Bissau,2011,56.967
5012,GNB,Guinea-Bissau,2012,57.69
5013,GNB,Guinea-Bissau,2013,58.232
5014,GNB,Guinea-Bissau,2014,58.61
5015,GNB,Guinea-Bissau,2015,59.128
5016,GNB,Guinea-Bissau,2016,59.674
5017,GNB,Guinea-Bissau,2017,60.066
5018,GNB,Guinea-Bissau,2018,60.502
5019,GNB,Guinea-Bissau,2019,60.882
5020,GNB,Guinea-Bissau,2020,59.999
5419,GUY,Guyana,2010,66.743
5420,GUY,Guyana,2011,66.982
5421,GUY,Guyana,2012,67.23
5422,GUY,Guyana,2013,67.473
5423,GUY,Guyana,2014,67.882
5424,GUY,Guyana,2015,68.201
5425,GUY,Guyana,2016,68.384
5426,GUY,Guyana,2017,68.667
5427,GUY,Guyana,2018,68.896
5428,GUY,Guyana,2019,69.124
5429,GUY,Guyana,2020,68.486
5785,HTI,Haiti,2010,46.019
5786,HTI,Haiti,2011,61.623
5787,HTI,Haiti,2012,62.291
5788,HTI,Haiti,2013,62.605
5789,HTI,Haiti,2014,62.987
5790,HTI,Haiti,2015,63.237
5791,HTI,Haiti,2016,63.392
5792,HTI,Haiti,2017,63.854
5793,HTI,Haiti,2018,64.019
5794,HTI,Haiti,2019,64.255
5795,HTI,Haiti,2020,64.052
5602,HND,Honduras,2010,71.088
5603,HND,Honduras,2011,71.439
5604,HND,Honduras,2012,71.734
5605,HND,Honduras,2013,71.963
5606,HND,Honduras,2014,72.259
5607,HND,Honduras,2015,72.487
5608,HND,Honduras,2016,72.588
5609,HND,Honduras,2017,72.692
5610,HND,Honduras,2018,72.814
5611,HND,Honduras,2019,72.881
5612,HND,Honduras,2020,71.462
5541,HKG,Hong Kong S.A.R. of China,2010,82.978
5542,HKG,Hong Kong S.A.R. of China,2011,83.422
5543,HKG,Hong Kong S.A.R. of China,2012,83.48
5544,HKG,Hong Kong S.A.R. of China,2013,83.831
5545,HKG,Hong Kong S.A.R. of China,2014,83.98
5546,HKG,Hong Kong S.A.R. of China,2015,84.278
5547,HKG,Hong Kong S.A.R. of China,2016,84.227
5548,HKG,Hong Kong S.A.R. of China,2017,84.68
5549,HKG,Hong Kong S.A.R. of China,2018,84.934
5550,HKG,Hong Kong S.A.R. of China,2019,85.078
5551,HKG,Hong Kong S.A.R. of China,2020,85.388
5846,HUN,Hungary,2010,74.20731707
5847,HUN,Hungary,2011,74.85853659
5848,HUN,Hungary,2012,75.06341463
5849,HUN,Hungary,2013,75.56585366
5850,HUN,Hungary,2014,75.76341463
5851,HUN,Hungary,2015,75.56829268
5852,HUN,Hungary,2016,76.06341463
5853,HUN,Hungary,2017,75.81707317
5854,HUN,Hungary,2018,76.06585366
5855,HUN,Hungary,2019,76.3195122
5856,HUN,Hungary,2020,75.61707317
6578,ISL,Iceland,2010,81.89756098
6579,ISL,Iceland,2011,82.35853659
6580,ISL,Iceland,2012,82.91707317
6581,ISL,Iceland,2013,82.06097561
6582,ISL,Iceland,2014,82.86097561
6583,ISL,Iceland,2015,82.46829268
6584,ISL,Iceland,2016,82.20487805
6585,ISL,Iceland,2017,82.66097561
6586,ISL,Iceland,2018,82.86097561
6587,ISL,Iceland,2019,83.16341463
6588,ISL,Iceland,2020,83.06585366
6334,IND,India,2010,66.909
6335,IND,India,2011,67.359
6336,IND,India,2012,67.887
6337,IND,India,2013,68.46
6338,IND,India,2014,69.074
6339,IND,India,2015,69.636
6340,IND,India,2016,70.117
6341,IND,India,2017,70.467
6342,IND,India,2018,70.71
6343,IND,India,2019,70.91
6344,IND,India,2020,70.15
6151,IDN,Indonesia,2010,68.679
6152,IDN,Indonesia,2011,68.823
6153,IDN,Indonesia,2012,68.973
6154,IDN,Indonesia,2013,69.264
6155,IDN,Indonesia,2014,69.533
6156,IDN,Indonesia,2015,69.699
6157,IDN,Indonesia,2016,69.798
6158,IDN,Indonesia,2017,69.936
6159,IDN,Indonesia,2018,70.338
6160,IDN,Indonesia,2019,70.518
6161,IDN,Indonesia,2020,68.808
6456,IRN,Iran,2010,73.069
6457,IRN,Iran,2011,73.679
6458,IRN,Iran,2012,74.186
6459,IRN,Iran,2013,74.449
6460,IRN,Iran,2014,74.782
6461,IRN,Iran,2015,75.124
6462,IRN,Iran,2016,75.6
6463,IRN,Iran,2017,75.971
6464,IRN,Iran,2018,76.195
6465,IRN,Iran,2019,76.103
6466,IRN,Iran,2020,74.832
6517,IRQ,Iraq,2010,67.062
6518,IRQ,Iraq,2011,67.659
6519,IRQ,Iraq,2012,68.023
6520,IRQ,Iraq,2013,68.253
6521,IRQ,Iraq,2014,68.914
6522,IRQ,Iraq,2015,69.44
6523,IRQ,Iraq,2016,68.988
6524,IRQ,Iraq,2017,70.413
6525,IRQ,Iraq,2018,71.514
6526,IRQ,Iraq,2019,71.576
6527,IRQ,Iraq,2020,69.123
6395,IRL,Ireland,2010,80.74390244
6396,IRL,Ireland,2011,80.74634146
6397,IRL,Ireland,2012,80.84634146
6398,IRL,Ireland,2013,80.94878049
6399,IRL,Ireland,2014,81.34878049
6400,IRL,Ireland,2015,81.45365854
6401,IRL,Ireland,2016,81.65365854
6402,IRL,Ireland,2017,82.15609756
6403,IRL,Ireland,2018,82.20487805
6404,IRL,Ireland,2019,82.70243902
6405,IRL,Ireland,2020,82.20487805
6273,IMN,Isle of Man,2010,78.983
6274,IMN,Isle of Man,2011,79.19
6275,IMN,Isle of Man,2012,79.337
6276,IMN,Isle of Man,2013,79.473
6277,IMN,Isle of Man,2014,80.037
6278,IMN,Isle of Man,2015,78.905
6279,IMN,Isle of Man,2016,80.314
6280,IMN,Isle of Man,2017,80.457
6281,IMN,Isle of Man,2018,80.596
6282,IMN,Isle of Man,2019,80.737
6283,IMN,Isle of Man,2020,80.588
6635,ISR,Israel,2010,81.60243902
6636,ISR,Israel,2011,81.65609756
6637,ISR,Israel,2012,81.70487805
6638,ISR,Israel,2013,82.05609756
6639,ISR,Israel,2014,82.15365854
6640,ISR,Israel,2015,82.05121951
6641,ISR,Israel,2016,82.40731707
6642,ISR,Israel,2017,82.55121951
6643,ISR,Israel,2018,82.80243902
6644,ISR,Israel,2019,82.80487805
6645,ISR,Israel,2020,82.7
6696,ITA,Italy,2010,82.03658537
6697,ITA,Italy,2011,82.18780488
6698,ITA,Italy,2012,82.23902439
6699,ITA,Italy,2013,82.6902439
6700,ITA,Italy,2014,83.0902439
6701,ITA,Italy,2015,82.54390244
6702,ITA,Italy,2016,83.24390244
6703,ITA,Italy,2017,82.94634146
6704,ITA,Italy,2018,83.34634146
6705,ITA,Italy,2019,83.49756098
6706,ITA,Italy,2020,82.34390244
6757,JAM,Jamaica,2010,72.622
6758,JAM,Jamaica,2011,73.094
6759,JAM,Jamaica,2012,73.433
6760,JAM,Jamaica,2013,73.412
6761,JAM,Jamaica,2014,72.982
6762,JAM,Jamaica,2015,72.394
6763,JAM,Jamaica,2016,72.02
6764,JAM,Jamaica,2017,71.911
6765,JAM,Jamaica,2018,71.793
6766,JAM,Jamaica,2019,71.767
6767,JAM,Jamaica,2020,71.869
6879,JPN,Japan,2010,82.84268293
6880,JPN,Japan,2011,82.59121951
6881,JPN,Japan,2012,83.09609756
6882,JPN,Japan,2013,83.33195122
6883,JPN,Japan,2014,83.58780488
6884,JPN,Japan,2015,83.79390244
6885,JPN,Japan,2016,83.98487805
6886,JPN,Japan,2017,84.0997561
6887,JPN,Japan,2018,84.21097561
6888,JPN,Japan,2019,84.35634146
6889,JPN,Japan,2020,84.61560976
6818,JOR,Jordan,2010,74
6819,JOR,Jordan,2011,74.189
6820,JOR,Jordan,2012,74.366
6821,JOR,Jordan,2013,74.562
6822,JOR,Jordan,2014,74.789
6823,JOR,Jordan,2015,75.011
6824,JOR,Jordan,2016,75.215
6825,JOR,Jordan,2017,75.502
6826,JOR,Jordan,2018,75.774
6827,JOR,Jordan,2019,76.044
6828,JOR,Jordan,2020,75.184
6940,KAZ,Kazakhstan,2010,68.45
6941,KAZ,Kazakhstan,2011,68.69
6942,KAZ,Kazakhstan,2012,69.52
6943,KAZ,Kazakhstan,2013,70.62
6944,KAZ,Kazakhstan,2014,71.44
6945,KAZ,Kazakhstan,2015,71.97
6946,KAZ,Kazakhstan,2016,72.41
6947,KAZ,Kazakhstan,2017,72.95
6948,KAZ,Kazakhstan,2018,73.15
6949,KAZ,Kazakhstan,2019,73.18
6950,KAZ,Kazakhstan,2020,71.37
7001,KEN,Kenya,2010,60.649
7002,KEN,Kenya,2011,61.046
7003,KEN,Kenya,2012,61.115
7004,KEN,Kenya,2013,61.389
7005,KEN,Kenya,2014,61.816
7006,KEN,Kenya,2015,61.892
7007,KEN,Kenya,2016,62.163
7008,KEN,Kenya,2017,62.481
7009,KEN,Kenya,2018,62.676
7010,KEN,Kenya,2019,62.943
7011,KEN,Kenya,2020,62.675
7184,KIR,Kiribati,2010,65.016
7185,KIR,Kiribati,2011,65.19
7186,KIR,Kiribati,2012,65.378
7187,KIR,Kiribati,2013,65.588
7188,KIR,Kiribati,2014,65.815
7189,KIR,Kiribati,2015,66.059
7190,KIR,Kiribati,2016,66.332
7191,KIR,Kiribati,2017,66.597
7192,KIR,Kiribati,2018,66.855
7193,KIR,Kiribati,2019,67.15
7194,KIR,Kiribati,2020,67.266
14951,XKX,Kosovo,2010,77.63
14952,XKX,Kosovo,2011,77.74
14953,XKX,Kosovo,2012,78.28
14954,XKX,Kosovo,2013,78.587
14955,XKX,Kosovo,2014,78.88
14956,XKX,Kosovo,2015,78.922
14957,XKX,Kosovo,2016,78.981
14958,XKX,Kosovo,2017,78.783
14959,XKX,Kosovo,2018,78.696
14960,XKX,Kosovo,2019,79.022
14961,XKX,Kosovo,2020,76.567
7311,KWT,Kuwait,2010,77.982
7312,KWT,Kuwait,2011,78.464
7313,KWT,Kuwait,2012,78.812
7314,KWT,Kuwait,2013,79.164
7315,KWT,Kuwait,2014,79.445
7316,KWT,Kuwait,2015,79.562
7317,KWT,Kuwait,2016,79.701
7318,KWT,Kuwait,2017,79.781
7319,KWT,Kuwait,2018,79.722
7320,KWT,Kuwait,2019,79.685
7321,KWT,Kuwait,2020,76.92
7062,KGZ,Kyrgyzstan,2010,69.3
7063,KGZ,Kyrgyzstan,2011,69.60243902
7064,KGZ,Kyrgyzstan,2012,70.00243902
7065,KGZ,Kyrgyzstan,2013,70.20243902
7066,KGZ,Kyrgyzstan,2014,70.40243902
7067,KGZ,Kyrgyzstan,2015,70.65121951
7068,KGZ,Kyrgyzstan,2016,70.95121951
7069,KGZ,Kyrgyzstan,2017,71.2
7070,KGZ,Kyrgyzstan,2018,71.4
7071,KGZ,Kyrgyzstan,2019,71.6
7072,KGZ,Kyrgyzstan,2020,71.8
7433,LAO,Laos,2010,63.973
7434,LAO,Laos,2011,64.736
7435,LAO,Laos,2012,65.355
7436,LAO,Laos,2013,65.718
7437,LAO,Laos,2014,66.361
7438,LAO,Laos,2015,66.67
7439,LAO,Laos,2016,67.167
7440,LAO,Laos,2017,67.434
7441,LAO,Laos,2018,67.634
7442,LAO,Laos,2019,68.138
7443,LAO,Laos,2020,68.497
8375,LVA,Latvia,2010,73.48292683
8376,LVA,Latvia,2011,73.57560976
8377,LVA,Latvia,2012,73.77804878
8378,LVA,Latvia,2013,73.98292683
8379,LVA,Latvia,2014,74.12439024
8380,LVA,Latvia,2015,74.4804878
8381,LVA,Latvia,2016,74.5804878
8382,LVA,Latvia,2017,74.62926829
8383,LVA,Latvia,2018,74.78292683
8384,LVA,Latvia,2019,75.38780488
8385,LVA,Latvia,2020,75.38780488
7494,LBN,Lebanon,2010,78.156
7495,LBN,Lebanon,2011,78.404
7496,LBN,Lebanon,2012,78.628
7497,LBN,Lebanon,2013,78.765
7498,LBN,Lebanon,2014,78.973
7499,LBN,Lebanon,2015,79.229
7500,LBN,Lebanon,2016,79.505
7501,LBN,Lebanon,2017,79.654
7502,LBN,Lebanon,2018,79.729
7503,LBN,Lebanon,2019,79.236
7504,LBN,Lebanon,2020,77.804
8131,LSO,Lesotho,2010,45.596
8132,LSO,Lesotho,2011,46.692
8133,LSO,Lesotho,2012,47.835
8134,LSO,Lesotho,2013,49.002
8135,LSO,Lesotho,2014,50.033
8136,LSO,Lesotho,2015,51.101
8137,LSO,Lesotho,2016,52.264
8138,LSO,Lesotho,2017,53.064
8139,LSO,Lesotho,2018,53.733
8140,LSO,Lesotho,2019,54.173
8141,LSO,Lesotho,2020,54.693
7555,LBR,Liberia,2010,59.433
7556,LBR,Liberia,2011,59.62
7557,LBR,Liberia,2012,59.913
7558,LBR,Liberia,2013,59.943
7559,LBR,Liberia,2014,59.121
7560,LBR,Liberia,2015,59.148
7561,LBR,Liberia,2016,60.416
7562,LBR,Liberia,2017,60.553
7563,LBR,Liberia,2018,60.853
7564,LBR,Liberia,2019,61.104
7565,LBR,Liberia,2020,60.948
7616,LBY,Libya,2010,72.374
7617,LBY,Libya,2011,70.071
7618,LBY,Libya,2012,72.247
7619,LBY,Libya,2013,72.34
7620,LBY,Libya,2014,71.511
7621,LBY,Libya,2015,71.698
7622,LBY,Libya,2016,71.756
7623,LBY,Libya,2017,72.482
7624,LBY,Libya,2018,72.794
7625,LBY,Libya,2019,72.463
7626,LBY,Libya,2020,72.472
7887,LIE,Liechtenstein,2010,81.84146341
7888,LIE,Liechtenstein,2011,81.79268293
7889,LIE,Liechtenstein,2012,82.38292683
7890,LIE,Liechtenstein,2013,82.26097561
7891,LIE,Liechtenstein,2014,82.07317073
7892,LIE,Liechtenstein,2015,82.65609756
7893,LIE,Liechtenstein,2016,82.25853659
7894,LIE,Liechtenstein,2017,83.74634146
7895,LIE,Liechtenstein,2018,83.04146341
7896,LIE,Liechtenstein,2019,84.16097561
7897,LIE,Liechtenstein,2020,81.80731707
8253,LTU,Lithuania,2010,73.26829268
8254,LTU,Lithuania,2011,73.56341463
8255,LTU,Lithuania,2012,73.86341463
8256,LTU,Lithuania,2013,73.91463415
8257,LTU,Lithuania,2014,74.51707317
8258,LTU,Lithuania,2015,74.32195122
8259,LTU,Lithuania,2016,74.67073171
8260,LTU,Lithuania,2017,75.4804878
8261,LTU,Lithuania,2018,75.6804878
8262,LTU,Lithuania,2019,76.28292683
8263,LTU,Lithuania,2020,74.92926829
8314,LUX,Luxembourg,2010,80.63170732
8315,LUX,Luxembourg,2011,80.98780488
8316,LUX,Luxembourg,2012,81.39268293
8317,LUX,Luxembourg,2013,81.8
8318,LUX,Luxembourg,2014,82.22926829
8319,LUX,Luxembourg,2015,82.29268293
8320,LUX,Luxembourg,2016,82.68536585
8321,LUX,Luxembourg,2017,82.09512195
8322,LUX,Luxembourg,2018,82.29512195
8323,LUX,Luxembourg,2019,82.63902439
8324,LUX,Luxembourg,2020,81.74146341
8680,MDG,Madagascar,2010,62.873
8681,MDG,Madagascar,2011,63.494
8682,MDG,Madagascar,2012,63.544
8683,MDG,Madagascar,2013,63.962
8684,MDG,Madagascar,2014,64.255
8685,MDG,Madagascar,2015,64.339
8686,MDG,Madagascar,2016,64.997
8687,MDG,Madagascar,2017,65.094
8688,MDG,Madagascar,2018,65.27
8689,MDG,Madagascar,2019,65.882
8690,MDG,Madagascar,2020,65.182
9598,MWI,Malawi,2010,56.381
9599,MWI,Malawi,2011,57.455
9600,MWI,Malawi,2012,58.679
9601,MWI,Malawi,2013,59.729
9602,MWI,Malawi,2014,60.899
9603,MWI,Malawi,2015,61.378
9604,MWI,Malawi,2016,62.209
9605,MWI,Malawi,2017,62.977
9606,MWI,Malawi,2018,63.276
9607,MWI,Malawi,2019,64.119
9608,MWI,Malawi,2020,63.717
9659,MYS,Malaysia,2010,74.442
9660,MYS,Malaysia,2011,74.746
9661,MYS,Malaysia,2012,74.944
9662,MYS,Malaysia,2013,75.035
9663,MYS,Malaysia,2014,75.146
9664,MYS,Malaysia,2015,75.094
9665,MYS,Malaysia,2016,75.289
9666,MYS,Malaysia,2017,75.476
9667,MYS,Malaysia,2018,75.644
9668,MYS,Malaysia,2019,75.76
9669,MYS,Malaysia,2020,75.938
8741,MDV,Maldives,2010,77.657
8742,MDV,Maldives,2011,78.124
8743,MDV,Maldives,2012,78.682
8744,MDV,Maldives,2013,79.057
8745,MDV,Maldives,2014,79.424
8746,MDV,Maldives,2015,79.695
8747,MDV,Maldives,2016,79.872
8748,MDV,Maldives,2017,79.943
8749,MDV,Maldives,2018,80.013
8750,MDV,Maldives,2019,80.116
8751,MDV,Maldives,2020,79.875
9049,MLI,Mali,2010,56.382
9050,MLI,Mali,2011,56.755
9051,MLI,Mali,2012,57.079
9052,MLI,Mali,2013,57.357
9053,MLI,Mali,2014,57.9
9054,MLI,Mali,2015,58.363
9055,MLI,Mali,2016,58.731
9056,MLI,Mali,2017,59.132
9057,MLI,Mali,2018,59.393
9058,MLI,Mali,2019,59.664
9059,MLI,Mali,2020,58.633
9110,MLT,Malta,2010,81.39756098
9111,MLT,Malta,2011,80.74634146
9112,MLT,Malta,2012,80.74634146
9113,MLT,Malta,2013,81.74634146
9114,MLT,Malta,2014,82.04634146
9115,MLT,Malta,2015,81.89756098
9116,MLT,Malta,2016,82.45365854
9117,MLT,Malta,2017,82.34634146
9118,MLT,Malta,2018,82.44878049
9119,MLT,Malta,2019,82.85853659
9120,MLT,Malta,2020,82.65365854
9476,MRT,Mauritania,2010,63.105
9477,MRT,Mauritania,2011,63.346
9478,MRT,Mauritania,2012,63.578
9479,MRT,Mauritania,2013,63.911
9480,MRT,Mauritania,2014,64.155
9481,MRT,Mauritania,2015,64.485
9482,MRT,Mauritania,2016,64.768
9483,MRT,Mauritania,2017,65.083
9484,MRT,Mauritania,2018,65.31
9485,MRT,Mauritania,2019,65.687
9486,MRT,Mauritania,2020,64.532
9537,MUS,Mauritius,2010,72.96731707
9538,MUS,Mauritius,2011,73.26682927
9539,MUS,Mauritius,2012,73.86341463
9540,MUS,Mauritius,2013,74.01707317
9541,MUS,Mauritius,2014,74.19439024
9542,MUS,Mauritius,2015,74.35317073
9543,MUS,Mauritius,2016,74.39487805
9544,MUS,Mauritius,2017,74.51463415
9545,MUS,Mauritius,2018,74.41634146
9546,MUS,Mauritius,2019,74.23585366
9547,MUS,Mauritius,2020,74.17707317
8863,MEX,Mexico,2010,74.19
8864,MEX,Mexico,2011,74.365
8865,MEX,Mexico,2012,74.574
8866,MEX,Mexico,2013,74.739
8867,MEX,Mexico,2014,74.797
8868,MEX,Mexico,2015,74.682
8869,MEX,Mexico,2016,74.412
8870,MEX,Mexico,2017,74.138
8871,MEX,Mexico,2018,74.015
8872,MEX,Mexico,2019,74.202
8873,MEX,Mexico,2020,70.133
8619,MDA,Moldova,2010,69.357
8620,MDA,Moldova,2011,69.192
8621,MDA,Moldova,2012,69.143
8622,MDA,Moldova,2013,69.099
8623,MDA,Moldova,2014,69.031
8624,MDA,Moldova,2015,69.24
8625,MDA,Moldova,2016,69.917
8626,MDA,Moldova,2017,70.516
8627,MDA,Moldova,2018,70.492
8628,MDA,Moldova,2019,70.935
8629,MDA,Moldova,2020,70.166
9354,MNG,Mongolia,2010,67.182
9355,MNG,Mongolia,2011,67.439
9356,MNG,Mongolia,2012,68.111
9357,MNG,Mongolia,2013,68.585
9358,MNG,Mongolia,2014,69.047
9359,MNG,Mongolia,2015,69.498
9360,MNG,Mongolia,2016,69.865
9361,MNG,Mongolia,2017,70.237
9362,MNG,Mongolia,2018,71.199
9363,MNG,Mongolia,2019,71.822
9364,MNG,Mongolia,2020,72.141
9293,MNE,Montenegro,2010,75.9902439
9294,MNE,Montenegro,2011,75.98292683
9295,MNE,Montenegro,2012,76.2
9296,MNE,Montenegro,2013,76.4902439
9297,MNE,Montenegro,2014,76.44146341
9298,MNE,Montenegro,2015,76.44878049
9299,MNE,Montenegro,2016,76.44146341
9300,MNE,Montenegro,2017,76.48536585
9301,MNE,Montenegro,2018,76.84146341
9302,MNE,Montenegro,2019,76.68292683
9303,MNE,Montenegro,2020,75.93170732
8558,MAR,Morocco,2010,70.829
8559,MAR,Morocco,2011,71.269
8560,MAR,Morocco,2012,71.679
8561,MAR,Morocco,2013,72.122
8562,MAR,Morocco,2014,72.538
8563,MAR,Morocco,2015,72.92
8564,MAR,Morocco,2016,73.284
8565,MAR,Morocco,2017,73.66
8566,MAR,Morocco,2018,73.986
8567,MAR,Morocco,2019,74.27
8568,MAR,Morocco,2020,73.92
9415,MOZ,Mozambique,2010,54.198
9416,MOZ,Mozambique,2011,54.869
9417,MOZ,Mozambique,2012,55.639
9418,MOZ,Mozambique,2013,56.492
9419,MOZ,Mozambique,2014,57.274
9420,MOZ,Mozambique,2015,58.151
9421,MOZ,Mozambique,2016,59.038
9422,MOZ,Mozambique,2017,59.771
9423,MOZ,Mozambique,2018,60.526
9424,MOZ,Mozambique,2019,61.166
9425,MOZ,Mozambique,2020,61.172
9171,MMR,Myanmar,2010,63.329
9172,MMR,Myanmar,2011,63.901
9173,MMR,Myanmar,2012,64.141
9174,MMR,Myanmar,2013,64.815
9175,MMR,Myanmar,2014,65.056
9176,MMR,Myanmar,2015,65.561
9177,MMR,Myanmar,2016,65.685
9178,MMR,Myanmar,2017,65.843
9179,MMR,Myanmar,2018,66.465
9180,MMR,Myanmar,2019,66.61
9181,MMR,Myanmar,2020,66.797
9781,NAM,Namibia,2010,56.015
9782,NAM,Namibia,2011,56.553
9783,NAM,Namibia,2012,57.64
9784,NAM,Namibia,2013,58.694
9785,NAM,Namibia,2014,59.822
9786,NAM,Namibia,2015,60.7
9787,NAM,Namibia,2016,61.682
9788,NAM,Namibia,2017,62.293
9789,NAM,Namibia,2018,62.586
9790,NAM,Namibia,2019,63.075
9791,NAM,Namibia,2020,62.829
10208,NPL,Nepal,2010,66.814
10209,NPL,Nepal,2011,67.313
10210,NPL,Nepal,2012,67.47
10211,NPL,Nepal,2013,67.965
10212,NPL,Nepal,2014,68.085
10213,NPL,Nepal,2015,67.456
10214,NPL,Nepal,2016,68.776
10215,NPL,Nepal,2017,68.91
10216,NPL,Nepal,2018,68.979
10217,NPL,Nepal,2019,69.558
10218,NPL,Nepal,2020,69.246
10086,NLD,Netherlands,2010,80.70243902
10087,NLD,Netherlands,2011,81.20487805
10088,NLD,Netherlands,2012,81.10487805
10089,NLD,Netherlands,2013,81.30487805
10090,NLD,Netherlands,2014,81.70731707
10091,NLD,Netherlands,2015,81.5097561
10092,NLD,Netherlands,2016,81.56097561
10093,NLD,Netherlands,2017,81.76097561
10094,NLD,Netherlands,2018,81.81219512
10095,NLD,Netherlands,2019,82.11219512
10096,NLD,Netherlands,2020,81.4097561
9842,NCL,New Caledonia,2010,77.2804878
9843,NCL,New Caledonia,2011,76.63170732
9844,NCL,New Caledonia,2012,77.07804878
9845,NCL,New Caledonia,2013,77.17804878
9846,NCL,New Caledonia,2014,77.23658537
9847,NCL,New Caledonia,2015,77.2804878
9848,NCL,New Caledonia,2016,76.93170732
9849,NCL,New Caledonia,2017,77.53902439
9850,NCL,New Caledonia,2018,80.00309756
9851,NCL,New Caledonia,2019,80.41970732
9852,NCL,New Caledonia,2020,80.83495122
10269,NZL,New Zealand,2010,80.70243902
10270,NZL,New Zealand,2011,80.90487805
10271,NZL,New Zealand,2012,81.15609756
10272,NZL,New Zealand,2013,81.40731707
10273,NZL,New Zealand,2014,81.40487805
10274,NZL,New Zealand,2015,81.45682927
10275,NZL,New Zealand,2016,81.61243902
10276,NZL,New Zealand,2017,81.65853659
10277,NZL,New Zealand,2018,81.85853659
10278,NZL,New Zealand,2019,81.70731707
10279,NZL,New Zealand,2020,82.05609756
10025,NIC,Nicaragua,2010,72.009
10026,NIC,Nicaragua,2011,72.416
10027,NIC,Nicaragua,2012,72.615
10028,NIC,Nicaragua,2013,72.704
10029,NIC,Nicaragua,2014,72.812
10030,NIC,Nicaragua,2015,72.983
10031,NIC,Nicaragua,2016,73.256
10032,NIC,Nicaragua,2017,73.554
10033,NIC,Nicaragua,2018,73.85
10034,NIC,Nicaragua,2019,74.054
10035,NIC,Nicaragua,2020,71.795
9903,NER,Niger,2010,58.367
9904,NER,Niger,2011,58.994
9905,NER,Niger,2012,59.65
9906,NER,Niger,2013,60.239
9907,NER,Niger,2014,60.786
9908,NER,Niger,2015,61.083
9909,NER,Niger,2016,61.629
9910,NER,Niger,2017,62.16
9911,NER,Niger,2018,62.454
9912,NER,Niger,2019,62.897
9913,NER,Niger,2020,61.451
9964,NGA,Nigeria,2010,50.945
9965,NGA,Nigeria,2011,51.357
9966,NGA,Nigeria,2012,51.497
9967,NGA,Nigeria,2013,51.707
9968,NGA,Nigeria,2014,51.791
9969,NGA,Nigeria,2015,51.841
9970,NGA,Nigeria,2016,52.043
9971,NGA,Nigeria,2017,52.305
9972,NGA,Nigeria,2018,52.554
9973,NGA,Nigeria,2019,52.91
9974,NGA,Nigeria,2020,52.887
11005,PRK,North Korea,2010,70.419
11006,PRK,North Korea,2011,70.978
11007,PRK,North Korea,2012,71.626
11008,PRK,North Korea,2013,72.319
11009,PRK,North Korea,2014,72.942
11010,PRK,North Korea,2015,72.784
11011,PRK,North Korea,2016,72.805
11012,PRK,North Korea,2017,72.978
11013,PRK,North Korea,2018,73.031
11014,PRK,North Korea,2019,73.198
11015,PRK,North Korea,2020,73.274
8988,MKD,North Macedonia,2010,74.99756098
8989,MKD,North Macedonia,2011,75.1
8990,MKD,North Macedonia,2012,74.90243902
8991,MKD,North Macedonia,2013,75.4
8992,MKD,North Macedonia,2014,75.45121951
8993,MKD,North Macedonia,2015,75.40243902
8994,MKD,North Macedonia,2016,75.4
8995,MKD,North Macedonia,2017,75.95365854
8996,MKD,North Macedonia,2018,76.64878049
8997,MKD,North Macedonia,2019,76.60243902
8998,MKD,North Macedonia,2020,75.69317073
10147,NOR,Norway,2010,80.99756098
10148,NOR,Norway,2011,81.29512195
10149,NOR,Norway,2012,81.45121951
10150,NOR,Norway,2013,81.75121951
10151,NOR,Norway,2014,82.1
10152,NOR,Norway,2015,82.30487805
10153,NOR,Norway,2016,82.40731707
10154,NOR,Norway,2017,82.6097561
10155,NOR,Norway,2018,82.75853659
10156,NOR,Norway,2019,82.95853659
10157,NOR,Norway,2020,83.2097561
10391,OMN,Oman,2010,76.269
10392,OMN,Oman,2011,76.608
10393,OMN,Oman,2012,77.061
10394,OMN,Oman,2013,77.246
10395,OMN,Oman,2014,77.446
10396,OMN,Oman,2015,77.687
10397,OMN,Oman,2016,77.916
10398,OMN,Oman,2017,77.924
10399,OMN,Oman,2018,77.966
10400,OMN,Oman,2019,78.002
10401,OMN,Oman,2020,74.757
10513,PAK,Pakistan,2010,64.436
10514,PAK,Pakistan,2011,64.648
10515,PAK,Pakistan,2012,64.782
10516,PAK,Pakistan,2013,65.15
10517,PAK,Pakistan,2014,65.284
10518,PAK,Pakistan,2015,65.697
10519,PAK,Pakistan,2016,65.88
10520,PAK,Pakistan,2017,66.297
10521,PAK,Pakistan,2018,66.482
10522,PAK,Pakistan,2019,66.756
10523,PAK,Pakistan,2020,66.269
11158,PSE,Palestine,2010,73.004
11159,PSE,Palestine,2011,73.243
11160,PSE,Palestine,2012,73.466
11161,PSE,Palestine,2013,74.029
11162,PSE,Palestine,2014,72.622
11163,PSE,Palestine,2015,74.406
11164,PSE,Palestine,2016,74.554
11165,PSE,Palestine,2017,74.833
11166,PSE,Palestine,2018,74.793
11167,PSE,Palestine,2019,75.241
11168,PSE,Palestine,2020,74.403
10574,PAN,Panama,2010,76.448
10575,PAN,Panama,2011,76.627
10576,PAN,Panama,2012,76.819
10577,PAN,Panama,2013,77.038
10578,PAN,Panama,2014,77.248
10579,PAN,Panama,2015,77.468
10580,PAN,Panama,2016,77.653
10581,PAN,Panama,2017,77.795
10582,PAN,Panama,2018,77.863
10583,PAN,Panama,2019,77.81
10584,PAN,Panama,2020,76.657
10761,PNG,Papua New Guinea,2010,63.039
10762,PNG,Papua New Guinea,2011,63.526
10763,PNG,Papua New Guinea,2012,63.733
10764,PNG,Papua New Guinea,2013,63.961
10765,PNG,Papua New Guinea,2014,64.259
10766,PNG,Papua New Guinea,2015,64.701
10767,PNG,Papua New Guinea,2016,64.84
10768,PNG,Papua New Guinea,2017,65.103
10769,PNG,Papua New Guinea,2018,65.182
10770,PNG,Papua New Guinea,2019,65.474
10771,PNG,Papua New Guinea,2020,65.787
11127,PRY,Paraguay,2010,71.887
11128,PRY,Paraguay,2011,72.131
11129,PRY,Paraguay,2012,72.454
11130,PRY,Paraguay,2013,72.757
11131,PRY,Paraguay,2014,72.878
11132,PRY,Paraguay,2015,73.191
11133,PRY,Paraguay,2016,73.534
11134,PRY,Paraguay,2017,73.644
11135,PRY,Paraguay,2018,73.568
11136,PRY,Paraguay,2019,73.621
11137,PRY,Paraguay,2020,73.182
10635,PER,Peru,2010,73.711
10636,PER,Peru,2011,74.133
10637,PER,Peru,2012,74.544
10638,PER,Peru,2013,74.967
10639,PER,Peru,2014,75.333
10640,PER,Peru,2015,75.621
10641,PER,Peru,2016,75.789
10642,PER,Peru,2017,75.879
10643,PER,Peru,2018,76.009
10644,PER,Peru,2019,76.156
10645,PER,Peru,2020,73.665
10696,PHL,Philippines,2010,70.754
10697,PHL,Philippines,2011,70.788
10698,PHL,Philippines,2012,70.881
10699,PHL,Philippines,2013,70.835
10700,PHL,Philippines,2014,71.151
10701,PHL,Philippines,2015,71.268
10702,PHL,Philippines,2016,71.387
10703,PHL,Philippines,2017,71.516
10704,PHL,Philippines,2018,71.689
10705,PHL,Philippines,2019,71.865
10706,PHL,Philippines,2020,72.119
10822,POL,Poland,2010,76.24634146
10823,POL,Poland,2011,76.69512195
10824,POL,Poland,2012,76.74634146
10825,POL,Poland,2013,77
10826,POL,Poland,2014,77.60243902
10827,POL,Poland,2015,77.45121951
10828,POL,Poland,2016,77.85121951
10829,POL,Poland,2017,77.75365854
10830,POL,Poland,2018,77.60243902
10831,POL,Poland,2019,77.90487805
10832,POL,Poland,2020,76.6
11066,PRT,Portugal,2010,79.02682927
11067,PRT,Portugal,2011,80.47073171
11068,PRT,Portugal,2012,80.37317073
11069,PRT,Portugal,2013,80.72195122
11070,PRT,Portugal,2014,81.12195122
11071,PRT,Portugal,2015,81.12439024
11072,PRT,Portugal,2016,81.12439024
11073,PRT,Portugal,2017,81.42439024
11074,PRT,Portugal,2018,81.32439024
11075,PRT,Portugal,2019,81.67560976
11076,PRT,Portugal,2020,80.97560976
11402,QAT,Qatar,2010,78.425
11403,QAT,Qatar,2011,78.891
11404,QAT,Qatar,2012,79.227
11405,QAT,Qatar,2013,79.536
11406,QAT,Qatar,2014,79.768
11407,QAT,Qatar,2015,80.064
11408,QAT,Qatar,2016,80.433
11409,QAT,Qatar,2017,80.717
11410,QAT,Qatar,2018,80.898
11411,QAT,Qatar,2019,80.99
11412,QAT,Qatar,2020,79.099
11463,ROU,Romania,2010,73.45853659
11464,ROU,Romania,2011,74.4097561
11465,ROU,Romania,2012,74.41219512
11466,ROU,Romania,2013,75.06341463
11467,ROU,Romania,2014,74.9097561
11468,ROU,Romania,2015,74.91219512
11469,ROU,Romania,2016,75.2097561
11470,ROU,Romania,2017,75.3097561
11471,ROU,Romania,2018,75.35853659
11472,ROU,Romania,2019,75.60731707
11473,ROU,Romania,2020,74.35365854
11524,RUS,Russia,2010,68.84121951
11525,RUS,Russia,2011,69.68390244
11526,RUS,Russia,2012,70.07219512
11527,RUS,Russia,2013,70.57878049
11528,RUS,Russia,2014,70.74365854
11529,RUS,Russia,2015,71.18341463
11530,RUS,Russia,2016,71.65121951
11531,RUS,Russia,2017,72.45146341
11532,RUS,Russia,2018,72.66219512
11533,RUS,Russia,2019,73.08390244
11534,RUS,Russia,2020,71.33878049
11585,RWA,Rwanda,2010,62.54
11586,RWA,Rwanda,2011,63.261
11587,RWA,Rwanda,2012,64.009
11588,RWA,Rwanda,2013,64.426
11589,RWA,Rwanda,2014,64.94
11590,RWA,Rwanda,2015,65.298
11591,RWA,Rwanda,2016,65.737
11592,RWA,Rwanda,2017,65.941
11593,RWA,Rwanda,2018,66.251
11594,RWA,Rwanda,2019,66.437
11595,RWA,Rwanda,2020,66.774
7677,LCA,Saint Lucia,2010,72.72
7678,LCA,Saint Lucia,2011,72.944
7679,LCA,Saint Lucia,2012,72.882
7680,LCA,Saint Lucia,2013,72.735
7681,LCA,Saint Lucia,2014,72.864
7682,LCA,Saint Lucia,2015,73.138
7683,LCA,Saint Lucia,2016,73.112
7684,LCA,Saint Lucia,2017,73.127
7685,LCA,Saint Lucia,2018,73.357
7686,LCA,Saint Lucia,2019,73.445
7687,LCA,Saint Lucia,2020,73.416
8497,MAF,Saint Martin,2010,78.406
8498,MAF,Saint Martin,2011,78.827
8499,MAF,Saint Martin,2012,79.022
8500,MAF,Saint Martin,2013,78.908
8501,MAF,Saint Martin,2014,79.966
8502,MAF,Saint Martin,2015,79.309
8503,MAF,Saint Martin,2016,79.475
8504,MAF,Saint Martin,2017,78.59
8505,MAF,Saint Martin,2018,80.614
8506,MAF,Saint Martin,2019,79.983
8507,MAF,Saint Martin,2020,80.149
14890,WSM,Samoa,2010,72.249
14891,WSM,Samoa,2011,72.26
14892,WSM,Samoa,2012,72.167
14893,WSM,Samoa,2013,72.391
14894,WSM,Samoa,2014,72.463
14895,WSM,Samoa,2015,72.515
14896,WSM,Samoa,2016,72.54
14897,WSM,Samoa,2017,72.59
14898,WSM,Samoa,2018,72.636
14899,WSM,Samoa,2019,72.157
14900,WSM,Samoa,2020,72.768
12084,SMR,San Marino,2012,85.41707317
12463,STP,Sao Tome and Principe,2010,65.249
12464,STP,Sao Tome and Principe,2011,64.902
12465,STP,Sao Tome and Principe,2012,65.746
12466,STP,Sao Tome and Principe,2013,66.328
12467,STP,Sao Tome and Principe,2014,66.845
12468,STP,Sao Tome and Principe,2015,67.249
12469,STP,Sao Tome and Principe,2016,67.492
12470,STP,Sao Tome and Principe,2017,68.267
12471,STP,Sao Tome and Principe,2018,68.355
12472,STP,Sao Tome and Principe,2019,68.523
12473,STP,Sao Tome and Principe,2020,67.785
11707,SAU,Saudi Arabia,2010,75.763
11708,SAU,Saudi Arabia,2011,76.234
11709,SAU,Saudi Arabia,2012,76.461
11710,SAU,Saudi Arabia,2013,76.626
11711,SAU,Saudi Arabia,2014,76.757
11712,SAU,Saudi Arabia,2015,76.918
11713,SAU,Saudi Arabia,2016,77.064
11714,SAU,Saudi Arabia,2017,77.16
11715,SAU,Saudi Arabia,2018,77.212
11716,SAU,Saudi Arabia,2019,77.304
11717,SAU,Saudi Arabia,2020,76.239
11829,SEN,Senegal,2010,64.615
11830,SEN,Senegal,2011,65.262
11831,SEN,Senegal,2012,65.457
11832,SEN,Senegal,2013,66.072
11833,SEN,Senegal,2014,66.452
11834,SEN,Senegal,2015,66.879
11835,SEN,Senegal,2016,67.497
11836,SEN,Senegal,2017,67.75
11837,SEN,Senegal,2018,68.097
11838,SEN,Senegal,2019,68.526
11839,SEN,Senegal,2020,68.006
12158,SRB,Serbia,2010,74.33658537
12159,SRB,Serbia,2011,74.53658537
12160,SRB,Serbia,2012,74.83658537
12161,SRB,Serbia,2013,75.18536585
12162,SRB,Serbia,2014,75.33658537
12163,SRB,Serbia,2015,75.28780488
12164,SRB,Serbia,2016,75.68780488
12165,SRB,Serbia,2017,75.53902439
12166,SRB,Serbia,2018,75.8902439
12167,SRB,Serbia,2019,75.93658537
12168,SRB,Serbia,2020,74.22926829
12816,SYC,Seychelles,2010,73.19756098
12817,SYC,Seychelles,2011,72.72439024
12818,SYC,Seychelles,2012,74.27560976
12819,SYC,Seychelles,2013,73.1195122
12820,SYC,Seychelles,2014,73.22926829
12821,SYC,Seychelles,2015,74.29512195
12822,SYC,Seychelles,2016,74.3097561
12823,SYC,Seychelles,2017,74.3
12824,SYC,Seychelles,2018,72.84146341
12825,SYC,Seychelles,2019,74.04634146
12826,SYC,Seychelles,2020,77.23658537
12012,SLE,Sierra Leone,2010,53.693
12013,SLE,Sierra Leone,2011,54.62
12014,SLE,Sierra Leone,2012,55.451
12015,SLE,Sierra Leone,2013,56.313
12016,SLE,Sierra Leone,2014,56.393
12017,SLE,Sierra Leone,2015,57.189
12018,SLE,Sierra Leone,2016,58.404
12019,SLE,Sierra Leone,2017,58.652
12020,SLE,Sierra Leone,2018,59.796
12021,SLE,Sierra Leone,2019,60.255
12022,SLE,Sierra Leone,2020,59.763
11890,SGP,Singapore,2010,81.54146341
11891,SGP,Singapore,2011,81.74390244
11892,SGP,Singapore,2012,81.99512195
11893,SGP,Singapore,2013,82.24634146
11894,SGP,Singapore,2014,82.49512195
11895,SGP,Singapore,2015,82.74390244
11896,SGP,Singapore,2016,82.84634146
11897,SGP,Singapore,2017,83.09512195
11898,SGP,Singapore,2018,83.29756098
11899,SGP,Singapore,2019,83.59512195
11900,SGP,Singapore,2020,83.74390244
12585,SVK,Slovakia,2010,75.11219512
12586,SVK,Slovakia,2011,75.95853659
12587,SVK,Slovakia,2012,76.1097561
12588,SVK,Slovakia,2013,76.41219512
12589,SVK,Slovakia,2014,76.81219512
12590,SVK,Slovakia,2015,76.56341463
12591,SVK,Slovakia,2016,77.16585366
12592,SVK,Slovakia,2017,77.16585366
12593,SVK,Slovakia,2018,77.26585366
12594,SVK,Slovakia,2019,77.66585366
12595,SVK,Slovakia,2020,76.86585366
12646,SVN,Slovenia,2010,79.42195122
12647,SVN,Slovenia,2011,79.97073171
12648,SVN,Slovenia,2012,80.12439024
12649,SVN,Slovenia,2013,80.32195122
12650,SVN,Slovenia,2014,81.07804878
12651,SVN,Slovenia,2015,80.77560976
12652,SVN,Slovenia,2016,81.17560976
12653,SVN,Slovenia,2017,81.02926829
12654,SVN,Slovenia,2018,81.37804878
12655,SVN,Slovenia,2019,81.52926829
12656,SVN,Slovenia,2020,80.53170732
11951,SLB,Solomon Islands,2010,68.732
11952,SLB,Solomon Islands,2011,68.908
11953,SLB,Solomon Islands,2012,69.084
11954,SLB,Solomon Islands,2013,69.188
11955,SLB,Solomon Islands,2014,69.234
11956,SLB,Solomon Islands,2015,69.583
11957,SLB,Solomon Islands,2016,69.801
11958,SLB,Solomon Islands,2017,69.988
11959,SLB,Solomon Islands,2018,70.173
11960,SLB,Solomon Islands,2019,70.382
11961,SLB,Solomon Islands,2020,70.199
12135,SOM,Somalia,2010,50.563
12136,SOM,Somalia,2011,51.304
12137,SOM,Somalia,2012,53.161
12138,SOM,Somalia,2013,53.843
12139,SOM,Somalia,2014,54.277
12140,SOM,Somalia,2015,54.857
12141,SOM,Somalia,2016,55.044
12142,SOM,Somalia,2017,55.654
12143,SOM,Somalia,2018,56.375
12144,SOM,Somalia,2019,57.078
12145,SOM,Somalia,2020,55.967
15073,ZAF,South Africa,2010,58.899
15074,ZAF,South Africa,2011,60.651
15075,ZAF,South Africa,2012,61.846
15076,ZAF,South Africa,2013,62.533
15077,ZAF,South Africa,2014,63.38
15078,ZAF,South Africa,2015,63.95
15079,ZAF,South Africa,2016,64.747
15080,ZAF,South Africa,2017,65.402
15081,ZAF,South Africa,2018,65.674
15082,ZAF,South Africa,2019,66.175
15083,ZAF,South Africa,2020,65.252
7250,KOR,South Korea,2010,80.11707317
7251,KOR,South Korea,2011,80.56829268
7252,KOR,South Korea,2012,80.8195122
7253,KOR,South Korea,2013,81.27073171
7254,KOR,South Korea,2014,81.72195122
7255,KOR,South Korea,2015,82.02439024
7256,KOR,South Korea,2016,82.27560976
7257,KOR,South Korea,2017,82.62682927
7258,KOR,South Korea,2018,82.62682927
7259,KOR,South Korea,2019,83.22682927
7260,KOR,South Korea,2020,83.42682927
12280,SSD,South Sudan,2010,54.812
12281,SSD,South Sudan,2011,54.94
12282,SSD,South Sudan,2012,55.865
12283,SSD,South Sudan,2013,55.751
12284,SSD,South Sudan,2014,54.973
12285,SSD,South Sudan,2015,55.566
12286,SSD,South Sudan,2016,55.544
12287,SSD,South Sudan,2017,55.309
12288,SSD,South Sudan,2018,55.95
12289,SSD,South Sudan,2019,55.912
12290,SSD,South Sudan,2020,55.48
3997,ESP,Spain,2010,81.62682927
3998,ESP,Spain,2011,82.47560976
3999,ESP,Spain,2012,82.42682927
4000,ESP,Spain,2013,83.07804878
4001,ESP,Spain,2014,83.22926829
4002,ESP,Spain,2015,82.83170732
4003,ESP,Spain,2016,83.32926829
4004,ESP,Spain,2017,83.28292683
4005,ESP,Spain,2018,83.43170732
4006,ESP,Spain,2019,83.83170732
4007,ESP,Spain,2020,82.33414634
7948,LKA,Sri Lanka,2010,73.215
7949,LKA,Sri Lanka,2011,73.38
7950,LKA,Sri Lanka,2012,73.906
7951,LKA,Sri Lanka,2013,74.239
7952,LKA,Sri Lanka,2014,74.651
7953,LKA,Sri Lanka,2015,74.927
7954,LKA,Sri Lanka,2016,75.331
7955,LKA,Sri Lanka,2017,75.403
7956,LKA,Sri Lanka,2018,75.748
7957,LKA,Sri Lanka,2019,76.008
7958,LKA,Sri Lanka,2020,76.393
12782,SXM,St Maarten,2012,73.05365854
12783,SXM,St Maarten,2014,77.06829268
12784,SXM,St Maarten,2015,77.2195122
12785,SXM,St Maarten,2016,78.29268293
14463,VCT,Saint Vincent and the Grenadines,2010,74.718
14464,VCT,Saint Vincent and the Grenadines,2011,74.596
14465,VCT,Saint Vincent and the Grenadines,2012,74.146
14466,VCT,Saint Vincent and the Grenadines,2013,73.798
14467,VCT,Saint Vincent and the Grenadines,2014,74.473
14468,VCT,Saint Vincent and the Grenadines,2015,74.407
14469,VCT,Saint Vincent and the Grenadines,2016,74.28
14470,VCT,Saint Vincent and the Grenadines,2017,74.305
14471,VCT,Saint Vincent and the Grenadines,2018,74.128
14472,VCT,Saint Vincent and the Grenadines,2019,72.835
14473,VCT,Saint Vincent and the Grenadines,2020,72.126
11768,SDN,Sudan,2010,63.016
11769,SDN,Sudan,2011,63.246
11770,SDN,Sudan,2012,63.792
11771,SDN,Sudan,2013,63.678
11772,SDN,Sudan,2014,64.269
11773,SDN,Sudan,2015,64.659
11774,SDN,Sudan,2016,64.78
11775,SDN,Sudan,2017,65.445
11776,SDN,Sudan,2018,65.681
11777,SDN,Sudan,2019,65.876
11778,SDN,Sudan,2020,65.614
12524,SUR,Suriname,2010,69.894
12525,SUR,Suriname,2011,69.914
12526,SUR,Suriname,2012,69.764
12527,SUR,Suriname,2013,69.682
12528,SUR,Suriname,2014,69.782
12529,SUR,Suriname,2015,70.8
12530,SUR,Suriname,2016,71.592
12531,SUR,Suriname,2017,72.417
12532,SUR,Suriname,2018,72.553
12533,SUR,Suriname,2019,72.242
12534,SUR,Suriname,2020,72.561
12707,SWE,Sweden,2010,81.45121951
12708,SWE,Sweden,2011,81.80243902
12709,SWE,Sweden,2012,81.70487805
12710,SWE,Sweden,2013,81.95609756
12711,SWE,Sweden,2014,82.25365854
12712,SWE,Sweden,2015,82.20487805
12713,SWE,Sweden,2016,82.30731707
12714,SWE,Sweden,2017,82.4097561
12715,SWE,Sweden,2018,82.55853659
12716,SWE,Sweden,2019,83.1097561
12717,SWE,Sweden,2020,82.40731707
2149,CHE,Switzerland,2010,82.24634146
2150,CHE,Switzerland,2011,82.69512195
2151,CHE,Switzerland,2012,82.69756098
2152,CHE,Switzerland,2013,82.79756098
2153,CHE,Switzerland,2014,83.19756098
2154,CHE,Switzerland,2015,82.89756098
2155,CHE,Switzerland,2016,83.60243902
2156,CHE,Switzerland,2017,83.55121951
2157,CHE,Switzerland,2018,83.75365854
2158,CHE,Switzerland,2019,83.90487805
2159,CHE,Switzerland,2020,83.1
12877,SYR,Syria,2010,73.881
12878,SYR,Syria,2011,73.305
12879,SYR,Syria,2012,66.769
12880,SYR,Syria,2013,63.827
12881,SYR,Syria,2014,63.153
12882,SYR,Syria,2015,65.124
12883,SYR,Syria,2016,65.993
12884,SYR,Syria,2017,68.481
12885,SYR,Syria,2018,70.145
12886,SYR,Syria,2019,71.822
12887,SYR,Syria,2020,72.14
13304,TJK,Tajikistan,2010,67.742
13305,TJK,Tajikistan,2011,68.148
13306,TJK,Tajikistan,2012,68.484
13307,TJK,Tajikistan,2013,68.885
13308,TJK,Tajikistan,2014,69.069
13309,TJK,Tajikistan,2015,69.306
13310,TJK,Tajikistan,2016,69.549
13311,TJK,Tajikistan,2017,69.905
13312,TJK,Tajikistan,2018,70.353
13313,TJK,Tajikistan,2019,70.867
13314,TJK,Tajikistan,2020,67.994
14036,TZA,Tanzania,2010,60.105
14037,TZA,Tanzania,2011,61.049
14038,TZA,Tanzania,2012,62.03
14039,TZA,Tanzania,2013,62.96
14040,TZA,Tanzania,2014,63.873
14041,TZA,Tanzania,2015,64.651
14042,TZA,Tanzania,2016,65.386
14043,TZA,Tanzania,2017,65.999
14044,TZA,Tanzania,2018,66.535
14045,TZA,Tanzania,2019,66.989
14046,TZA,Tanzania,2020,66.408
13243,THA,Thailand,2010,76.131
13244,THA,Thailand,2011,76.421
13245,THA,Thailand,2012,76.772
13246,THA,Thailand,2013,77.083
13247,THA,Thailand,2014,77.415
13248,THA,Thailand,2015,77.717
13249,THA,Thailand,2016,78.049
13250,THA,Thailand,2017,78.394
13251,THA,Thailand,2018,78.662
13252,THA,Thailand,2019,78.975
13253,THA,Thailand,2020,79.274
13487,TLS,Timor Leste,2010,65.304
13488,TLS,Timor Leste,2011,65.697
13489,TLS,Timor Leste,2012,66.081
13490,TLS,Timor Leste,2013,66.44
13491,TLS,Timor Leste,2014,66.787
13492,TLS,Timor Leste,2015,67.137
13493,TLS,Timor Leste,2016,67.446
13494,TLS,Timor Leste,2017,67.745
13495,TLS,Timor Leste,2018,68.017
13496,TLS,Timor Leste,2019,68.268
13497,TLS,Timor Leste,2020,68.475
13182,TGO,Togo,2010,57.304
13183,TGO,Togo,2011,57.925
13184,TGO,Togo,2012,58.073
13185,TGO,Togo,2013,58.684
13186,TGO,Togo,2014,58.853
13187,TGO,Togo,2015,59.396
13188,TGO,Togo,2016,59.55
13189,TGO,Togo,2017,60.154
13190,TGO,Togo,2018,60.244
13191,TGO,Togo,2019,60.901
13192,TGO,Togo,2020,61.035
13609,TON,Tonga,2010,70.323
13610,TON,Tonga,2011,70.381
13611,TON,Tonga,2012,70.442
13612,TON,Tonga,2013,70.505
13613,TON,Tonga,2014,70.54
13614,TON,Tonga,2015,70.607
13615,TON,Tonga,2016,70.661
13616,TON,Tonga,2017,70.713
13617,TON,Tonga,2018,70.779
13618,TON,Tonga,2019,70.871
13619,TON,Tonga,2020,70.928
13792,TTO,Trinidad and Tobago,2010,72.725
13793,TTO,Trinidad and Tobago,2011,73.278
13794,TTO,Trinidad and Tobago,2012,73.716
13795,TTO,Trinidad and Tobago,2013,73.962
13796,TTO,Trinidad and Tobago,2014,74.215
13797,TTO,Trinidad and Tobago,2015,74.503
13798,TTO,Trinidad and Tobago,2016,74.281
13799,TTO,Trinidad and Tobago,2017,74.23
13800,TTO,Trinidad and Tobago,2018,73.802
13801,TTO,Trinidad and Tobago,2019,74.228
13802,TTO,Trinidad and Tobago,2020,74.406
13853,TUN,Tunisia,2010,75.421
13854,TUN,Tunisia,2011,75.46
13855,TUN,Tunisia,2012,75.55
13856,TUN,Tunisia,2013,75.65
13857,TUN,Tunisia,2014,75.65
13858,TUN,Tunisia,2015,75.692
13859,TUN,Tunisia,2016,75.786
13860,TUN,Tunisia,2017,75.845
13861,TUN,Tunisia,2018,75.95
13862,TUN,Tunisia,2019,75.993
13863,TUN,Tunisia,2020,75.292
13914,TUR,Turkey,2010,75.069
13915,TUR,Turkey,2011,74.941
13916,TUR,Turkey,2012,75.678
13917,TUR,Turkey,2013,76.297
13918,TUR,Turkey,2014,76.565
13919,TUR,Turkey,2015,76.646
13920,TUR,Turkey,2016,76.66
13921,TUR,Turkey,2017,77.141
13922,TUR,Turkey,2018,77.563
13923,TUR,Turkey,2019,77.832
13924,TUR,Turkey,2020,75.85
13365,TKM,Turkmenistan,2010,68.293
13366,TKM,Turkmenistan,2011,68.567
13367,TKM,Turkmenistan,2012,68.722
13368,TKM,Turkmenistan,2013,68.74
13369,TKM,Turkmenistan,2014,68.614
13370,TKM,Turkmenistan,2015,68.782
13371,TKM,Turkmenistan,2016,68.777
13372,TKM,Turkmenistan,2017,68.916
13373,TKM,Turkmenistan,2018,68.796
13374,TKM,Turkmenistan,2019,69.002
13375,TKM,Turkmenistan,2020,68.687
12938,TCA,Turks and Caicos Islands,2010,76.243
12939,TCA,Turks and Caicos Islands,2011,76.195
12940,TCA,Turks and Caicos Islands,2012,77.037
12941,TCA,Turks and Caicos Islands,2013,77.018
12942,TCA,Turks and Caicos Islands,2014,77.135
12943,TCA,Turks and Caicos Islands,2015,76.912
12944,TCA,Turks and Caicos Islands,2016,76.864
12945,TCA,Turks and Caicos Islands,2017,76.702
12946,TCA,Turks and Caicos Islands,2018,76.443
12947,TCA,Turks and Caicos Islands,2019,75.326
12948,TCA,Turks and Caicos Islands,2020,75.001
13975,TUV,Tuvalu,2010,63.978
13976,TUV,Tuvalu,2011,63.974
13977,TUV,Tuvalu,2012,63.964
13978,TUV,Tuvalu,2013,64.008
13979,TUV,Tuvalu,2014,64.025
13980,TUV,Tuvalu,2015,64.06
13981,TUV,Tuvalu,2016,64.108
13982,TUV,Tuvalu,2017,64.148
13983,TUV,Tuvalu,2018,64.212
13984,TUV,Tuvalu,2019,64.278
13985,TUV,Tuvalu,2020,64.382
14097,UGA,Uganda,2010,57.055
14098,UGA,Uganda,2011,57.965
14099,UGA,Uganda,2012,58.817
14100,UGA,Uganda,2013,59.763
14101,UGA,Uganda,2014,60.408
14102,UGA,Uganda,2015,61.086
14103,UGA,Uganda,2016,61.648
14104,UGA,Uganda,2017,62.115
14105,UGA,Uganda,2018,62.714
14106,UGA,Uganda,2019,62.991
14107,UGA,Uganda,2020,62.851
14158,UKR,Ukraine,2010,70.26536585
14159,UKR,Ukraine,2011,70.80926829
14160,UKR,Ukraine,2012,70.94414634
14161,UKR,Ukraine,2013,71.1595122
14162,UKR,Ukraine,2014,71.18658537
14163,UKR,Ukraine,2015,71.1895122
14164,UKR,Ukraine,2016,71.47634146
14165,UKR,Ukraine,2017,71.78097561
14166,UKR,Ukraine,2018,71.58268293
14167,UKR,Ukraine,2019,71.82731707
14168,UKR,Ukraine,2020,71.18512195
477,ARE,United Arab Emirates,2010,78.334
478,ARE,United Arab Emirates,2011,78.517
479,ARE,United Arab Emirates,2012,78.716
480,ARE,United Arab Emirates,2013,78.853
481,ARE,United Arab Emirates,2014,79.044
482,ARE,United Arab Emirates,2015,79.223
483,ARE,United Arab Emirates,2016,79.335
484,ARE,United Arab Emirates,2017,79.504
485,ARE,United Arab Emirates,2018,79.627
486,ARE,United Arab Emirates,2019,79.726
487,ARE,United Arab Emirates,2020,78.946
4644,GBR,United Kingdom,2010,80.40243902
4645,GBR,United Kingdom,2011,80.95121951
4646,GBR,United Kingdom,2012,80.90487805
4647,GBR,United Kingdom,2013,81.00487805
4648,GBR,United Kingdom,2014,81.30487805
4649,GBR,United Kingdom,2015,80.95609756
4650,GBR,United Kingdom,2016,81.15609756
4651,GBR,United Kingdom,2017,81.25609756
4652,GBR,United Kingdom,2018,81.25609756
4653,GBR,United Kingdom,2019,81.20487805
4654,GBR,United Kingdom,2020,80.90243902
14341,USA,United States,2010,78.54146341
14342,USA,United States,2011,78.64146341
14343,USA,United States,2012,78.74146341
14344,USA,United States,2013,78.74146341
14345,USA,United States,2014,78.84146341
14346,USA,United States,2015,78.6902439
14347,USA,United States,2016,78.53902439
14348,USA,United States,2017,78.53902439
14349,USA,United States,2018,78.63902439
14350,USA,United States,2019,78.78780488
14351,USA,United States,2020,77.2804878
14280,URY,Uruguay,2010,76.858
14281,URY,Uruguay,2011,76.983
14282,URY,Uruguay,2012,77.111
14283,URY,Uruguay,2013,77.24
14284,URY,Uruguay,2014,77.366
14285,URY,Uruguay,2015,77.483
14286,URY,Uruguay,2016,77.571
14287,URY,Uruguay,2017,77.625
14288,URY,Uruguay,2018,77.611
14289,URY,Uruguay,2019,77.508
14290,URY,Uruguay,2020,78.43
14402,UZB,Uzbekistan,2010,69.235
14403,UZB,Uzbekistan,2011,69.649
14404,UZB,Uzbekistan,2012,69.874
14405,UZB,Uzbekistan,2013,69.99
14406,UZB,Uzbekistan,2014,70.234
14407,UZB,Uzbekistan,2015,70.475
14408,UZB,Uzbekistan,2016,70.755
14409,UZB,Uzbekistan,2017,71.01
14410,UZB,Uzbekistan,2018,71.149
14411,UZB,Uzbekistan,2019,71.344
14412,UZB,Uzbekistan,2020,70.331
14768,VUT,Vanuatu,2010,69.617
14769,VUT,Vanuatu,2011,69.551
14770,VUT,Vanuatu,2012,69.497
14771,VUT,Vanuatu,2013,69.534
14772,VUT,Vanuatu,2014,69.465
14773,VUT,Vanuatu,2015,69.513
14774,VUT,Vanuatu,2016,69.65
14775,VUT,Vanuatu,2017,69.71
14776,VUT,Vanuatu,2018,69.795
14777,VUT,Vanuatu,2019,69.877
14778,VUT,Vanuatu,2020,70.299
14524,VEN,Venezuela,2010,72.89
14525,VEN,Venezuela,2011,72.913
14526,VEN,Venezuela,2012,73.036
14527,VEN,Venezuela,2013,73.196
14528,VEN,Venezuela,2014,72.853
14529,VEN,Venezuela,2015,73.006
14530,VEN,Venezuela,2016,72.058
14531,VEN,Venezuela,2017,71.943
14532,VEN,Venezuela,2018,71.979
14533,VEN,Venezuela,2019,72.161
14534,VEN,Venezuela,2020,71.095
14707,VNM,Vietnam,2010,73.513
14708,VNM,Vietnam,2011,73.692
14709,VNM,Vietnam,2012,73.704
14710,VNM,Vietnam,2013,73.775
14711,VNM,Vietnam,2014,73.855
14712,VNM,Vietnam,2015,73.876
14713,VNM,Vietnam,2016,73.938
14714,VNM,Vietnam,2017,73.963
14715,VNM,Vietnam,2018,73.976
14716,VNM,Vietnam,2019,74.093
14717,VNM,Vietnam,2020,75.378
15012,YEM,Yemen,2010,67.28
15013,YEM,Yemen,2011,67.419
15014,YEM,Yemen,2012,67.343
15015,YEM,Yemen,2013,67.545
15016,YEM,Yemen,2014,67.384
15017,YEM,Yemen,2015,65.873
15018,YEM,Yemen,2016,66.064
15019,YEM,Yemen,2017,65.957
15020,YEM,Yemen,2018,64.575
15021,YEM,Yemen,2019,65.092
15022,YEM,Yemen,2020,64.65
15134,ZMB,Zambia,2010,56.799
15135,ZMB,Zambia,2011,57.771
15136,ZMB,Zambia,2012,58.867
15137,ZMB,Zambia,2013,59.878
15138,ZMB,Zambia,2014,60.699
15139,ZMB,Zambia,2015,61.208
15140,ZMB,Zambia,2016,61.794
15141,ZMB,Zambia,2017,62.12
15142,ZMB,Zambia,2018,62.342
15143,ZMB,Zambia,2019,62.793
15144,ZMB,Zambia,2020,62.38
15195,ZWE,Zimbabwe,2010,50.652
15196,ZWE,Zimbabwe,2011,53.347
15197,ZWE,Zimbabwe,2012,55.626
15198,ZWE,Zimbabwe,2013,57.458
15199,ZWE,Zimbabwe,2014,58.846
15200,ZWE,Zimbabwe,2015,59.591
15201,ZWE,Zimbabwe,2016,60.306
15202,ZWE,Zimbabwe,2017,60.709
15203,ZWE,Zimbabwe,2018,61.414
15204,ZWE,Zimbabwe,2019,61.292
15205,ZWE,Zimbabwe,2020,61.124
