,State/Territory,Continent (IT),Area (IT),State,Cod. ISO alpha2,Cod. ISO alpha3
45,S,Asia,Asia centro meridionale,Afghanistan,AF,AFG
1,S,Europa,Europa centro orientale,Albania,AL,ALB
94,S,Africa,Africa settentrionale,Algeria,DZ,DZA
2,S,Europa,Altri paesi europei,Andorra,AD,AND
95,S,Africa,Africa centro meridionale,Angola,AO,AGO
205,T,America,America centro meridionale,Anguilla,AI,AIA
148,S,America,America centro meridionale,Antigua and Barbuda,AG,ATG
170,S,America,America centro meridionale,Argentina,AR,ARG
87,S,Asia,Asia occidentale,Armenia,AM,ARM
209,T,America,America centro meridionale,Aruba,AW,ABW
183,S,Oceania,Oceania,Australia,AU,AUS
3,S,Europa,Unione europea,Austria,AT,AUT
88,S,Asia,Asia occidentale,Azerbaijan,AZ,AZE
149,S,America,America centro meridionale,Bahamas,BS,BHS
47,S,Asia,Asia occidentale,Bahrain,BH,BHR
48,S,Asia,Asia centro meridionale,Bangladesh,BD,BGD
150,S,America,America centro meridionale,Barbados,BB,BRB
40,S,Europa,Europa centro orientale,Belarus,BY,BLR
4,S,Europa,Unione europea,Belgium,BE,BEL
151,S,America,America centro meridionale,Belize,BZ,BLZ
97,S,Africa,Africa occidentale,Benin,BJ,BEN
201,T,America,America settentrionale,Bermuda,BM,BMU
49,S,Asia,Asia centro meridionale,Bhutan,BT,BTN
171,S,America,America centro meridionale,Bolivia,BO,BOL
36,S,Europa,Europa centro orientale,Bosnia and Herzegovina,BA,BIH
98,S,Africa,Africa centro meridionale,Botswana,BW,BWA
172,S,America,America centro meridionale,Brazil,BR,BRA
223,T,America,America centro meridionale,British Virgin Islands,VG,VGB
51,S,Asia,Asia orientale,Brunei Darussalam,BN,BRN
5,S,Europa,Unione europea,Bulgaria,BG,BGR
99,S,Africa,Africa occidentale,Burkina Faso,BF,BFA
100,S,Africa,Africa orientale,Burundi,BI,BDI
52,S,Asia,Asia orientale,Cambodia,KH,KHM
101,S,Africa,Africa centro meridionale,Cameroon,CM,CMR
152,S,America,America settentrionale,Canada,CA,CAN
102,S,Africa,Africa occidentale,Cape Verde,CV,CPV
204,T,America,America centro meridionale,Cayman Islands,KY,CYM
103,S,Africa,Africa centro meridionale,Central African Republic,CF,CAF
104,S,Africa,Africa centro meridionale,Chad,TD,TCD
173,S,America,America centro meridionale,Chile,CL,CHL
54,S,Asia,Asia orientale,China,CN,CHN
174,S,America,America centro meridionale,Colombia,CO,COL
105,S,Africa,Africa orientale,Comoros,KM,COM
106,S,Africa,Africa centro meridionale,Congo,CG,COG
202,T,Oceania,Oceania,Cook Islands,CK,COK
153,S,America,America centro meridionale,Costa Rica,CR,CRI
96,S,Africa,Africa occidentale,Cote d'Ivoire,CI,CIV
34,S,Europa,Unione europea,Croatia,HR,HRV
154,S,America,America centro meridionale,Cuba,CU,CUB
217,T,America,America centro meridionale,Curacao,CW,CUW
55,S,Europa,Unione europea,Cyprus,CY,CYP
41,S,Europa,Unione europea,Czechia,CZ,CZE
143,S,Africa,Africa centro meridionale,Democratic Republic of the Congo,CD,COD
6,S,Europa,Unione europea,Denmark,DK,DNK
112,S,Africa,Africa orientale,Djibouti,DJ,DJI
155,S,America,America centro meridionale,Dominica,DM,DMA
156,S,America,America centro meridionale,Dominican Republic,DO,DOM
175,S,America,America centro meridionale,Ecuador,EC,ECU
107,S,Africa,Africa settentrionale,Egypt,EG,EGY
157,S,America,America centro meridionale,El Salvador,SV,SLV
115,S,Africa,Africa centro meridionale,Equatorial Guinea,GQ,GNQ
146,S,Africa,Africa orientale,Eritrea,ER,ERI
31,S,Europa,Unione europea,Estonia,EE,EST
138,S,Africa,Africa centro meridionale,Eswatini,SZ,SWZ
108,S,Africa,Africa orientale,Ethiopia,ET,ETH
214,T,America,America centro meridionale,Falkland Islands,FK,FLK
207,T,Europa,Altri Paesi europei,Faroe Islands,FO,FRO
187,S,Oceania,Oceania,Federated States of Micronesia,FM,FSM
184,S,Oceania,Oceania,Fiji,FJ,FJI
7,S,Europa,Unione europea,Finland,FI,FIN
8,S,Europa,Unione europea,France,FR,FRA
206,T,Oceania,Oceania,French Polynesia,PF,PYF
221,T,Oceania,Oceania,French Southern Territories,TF,ATF
109,S,Africa,Africa centro meridionale,Gabon,GA,GAB
110,S,Africa,Africa occidentale,Gambia,GM,GMB
89,S,Asia,Asia occidentale,Georgia,GE,GEO
9,S,Europa,Unione europea,Germany,DE,DEU
111,S,Africa,Africa occidentale,Ghana,GH,GHA
203,T,Europa,Altri Paesi europei,Gibraltar,GI,GIB
11,S,Europa,Unione europea,Greece,GR,GRC
211,T,America,America settentrionale,Greenland,GL,GRL
159,S,America,America centro meridionale,Grenada,GD,GRD
160,S,America,America centro meridionale,Guatemala,GT,GTM
213,T,Europa,Altri Paesi europei,Guernsey,GG,GGY
113,S,Africa,Africa occidentale,Guinea,GN,GIN
114,S,Africa,Africa occidentale,Guinea-Bissau,GW,GNB
176,S,America,America centro meridionale,Guyana,GY,GUY
161,S,America,America centro meridionale,Haiti,HT,HTI
162,S,America,America centro meridionale,Honduras,HN,HND
,S,Asia,Asia Orientale,Hong Kong S.A.R. of China,HK,HKG
28,S,Europa,Unione europea,Hungary,HU,HUN
13,S,Europa,Altri paesi europei,Iceland,IS,ISL
63,S,Asia,Asia centro meridionale,India,IN,IND
64,S,Asia,Asia orientale,Indonesia,ID,IDN
65,S,Asia,Asia occidentale,Iran,IR,IRN
66,S,Asia,Asia occidentale,Iraq,IQ,IRQ
12,S,Europa,Unione europea,Ireland,IE,IRL
215,T,Europa,Altri Paesi europei,Isle of Man,IM,IMN
67,S,Asia,Asia occidentale,Israel,IL,ISR
0,S,Europa,Unione europea,Italy,IT,ITA
158,S,America,America centro meridionale,Jamaica,JM,JAM
61,S,Asia,Asia orientale,Japan,JP,JPN
208,T,Europa,Altri Paesi europei,Jersey,JE,JEY
62,S,Asia,Asia occidentale,Jordan,JO,JOR
85,S,Asia,Asia centro meridionale,Kazakhstan,KZ,KAZ
116,S,Africa,Africa orientale,Kenya,KE,KEN
185,S,Oceania,Oceania,Kiribati,KI,KIR
44,S,Europa,Europa centro orientale,Kosovo,n.d.,KOS
68,S,Asia,Asia occidentale,Kuwait,KW,KWT
90,S,Asia,Asia centro meridionale,Kyrgyzstan,KG,KGZ
69,S,Asia,Asia orientale,Laos,LA,LAO
32,S,Europa,Unione europea,Latvia,LV,LVA
70,S,Asia,Asia occidentale,Lebanon,LB,LBN
117,S,Africa,Africa centro meridionale,Lesotho,LS,LSO
118,S,Africa,Africa occidentale,Liberia,LR,LBR
119,S,Africa,Africa settentrionale,Libya,LY,LBY
14,S,Europa,Altri paesi europei,Liechtenstein,LI,LIE
33,S,Europa,Unione europea,Lithuania,LT,LTU
15,S,Europa,Unione europea,Luxembourg,LU,LUX
120,S,Africa,Africa orientale,Madagascar,MG,MDG
121,S,Africa,Africa orientale,Malawi,MW,MWI
73,S,Asia,Asia orientale,Malaysia,MY,MYS
72,S,Asia,Asia centro meridionale,Maldives,MV,MDV
122,S,Africa,Africa occidentale,Mali,ML,MLI
16,S,Europa,Unione europea,Malta,MT,MLT
186,S,Oceania,Oceania,Marshall Islands,MH,MHL
124,S,Africa,Africa occidentale,Mauritania,MR,MRT
125,S,Africa,Africa orientale,Mauritius,MU,MUS
163,S,America,America centro meridionale,Mexico,MX,MEX
38,S,Europa,Europa centro orientale,Moldova,MD,MDA
17,S,Europa,Altri paesi europei,Monaco,MC,MCO
74,S,Asia,Asia orientale,Mongolia,MN,MNG
42,S,Europa,Europa centro orientale,Montenegro,ME,MNE
216,T,America,America centro meridionale,Montserrat,MS,MSR
123,S,Africa,Africa settentrionale,Morocco,MA,MAR
126,S,Africa,Africa orientale,Mozambique,MZ,MOZ
50,S,Asia,Asia orientale,Myanmar,MM,MMR
127,S,Africa,Africa centro meridionale,Namibia,,NAM
188,S,Oceania,Oceania,Nauru,NR,NRU
75,S,Asia,Asia centro meridionale,Nepal,NP,NPL
19,S,Europa,Unione europea,Netherlands,NL,NLD
197,T,Oceania,Oceania,New Caledonia,NC,NCL
189,S,Oceania,Oceania,New Zealand,NZ,NZL
164,S,America,America centro meridionale,Nicaragua,NI,NIC
128,S,Africa,Africa occidentale,Niger,NE,NER
129,S,Africa,Africa occidentale,Nigeria,NG,NGA
56,S,Asia,Asia orientale,North Korea,KP,PRK
37,S,Europa,Europa centro orientale,North Macedonia,MK,MKD
18,S,Europa,Altri paesi europei,Norway,NO,NOR
76,S,Asia,Asia occidentale,Oman,OM,OMN
77,S,Asia,Asia centro meridionale,Pakistan,PK,PAK
190,S,Oceania,Oceania,Palau,PW,PLW
60,S,Asia,Asia occidentale,Palestine,PS,PSE
165,S,America,America centro meridionale,Panama,PA,PAN
191,S,Oceania,Oceania,Papua New Guinea,PG,PNG
177,S,America,America centro meridionale,Paraguay,PY,PRY
178,S,America,America centro meridionale,Peru,PE,PER
59,S,Asia,Asia orientale,Philippines,PH,PHL
218,T,Oceania,Oceania,Pitcairn,PN,PCN
20,S,Europa,Unione europea,Poland,PL,POL
21,S,Europa,Unione europea,Portugal,PT,PRT
78,S,Asia,Asia occidentale,Qatar,QA,QAT
22,S,Europa,Unione europea,Romania,RO,ROU
29,S,Europa,Europa centro orientale,Russia,RU,RUS
130,S,Africa,Africa orientale,Rwanda,RW,RWA
200,T,America,America centro meridionale,Saint Barthelemy,BL,BLM
220,T,Africa,Africa centro meridionale,Saint Helena,SH,SHN
168,S,America,America centro meridionale,Saint Kitts and Nevis,KN,KNA
166,S,America,America centro meridionale,Saint Lucia,LC,LCA
198,T,America,America centro meridionale,Saint Martin,MF,MAF
219,T,America,America settentrionale,Saint Pierre and Miquelon,PM,SPM
167,S,America,America centro meridionale,Saint Vincent and the Grenadines,VC,VCT
193,S,Oceania,Oceania,Samoa,WS,WSM
23,S,Europa,Altri paesi europei,San Marino,SM,SMR
131,S,Africa,Africa centro meridionale,Sao Tome and Principe,ST,STP
212,T,Europa,Altri Paesi europei,Sark,n.d.,n.d.
46,S,Asia,Asia occidentale,Saudi Arabia,SA,SAU
133,S,Africa,Africa occidentale,Senegal,SN,SEN
43,S,Europa,Europa centro orientale,Serbia,RS,SRB
132,S,Africa,Africa orientale,Seychelles,SC,SYC
134,S,Africa,Africa occidentale,Sierra Leone,SL,SLE
79,S,Asia,Asia orientale,Singapore,SG,SGP
39,S,Europa,Unione europea,Slovakia,SK,SVK
35,S,Europa,Unione europea,Slovenia,SI,SVN
192,S,Oceania,Oceania,Solomon Islands,SB,SLB
135,S,Africa,Africa orientale,Somalia,SO,SOM
136,S,Africa,Africa centro meridionale,South Africa,ZA,ZAF
57,S,Asia,Asia orientale,South Korea,KR,KOR
147,S,Africa,Africa settentrionale,South Sudan,SS,SSD
24,S,Europa,Unione europea,Spain,ES,ESP
53,S,Asia,Asia centro meridionale,Sri Lanka,LK,LKA
210,T,America,America centro meridionale,St Maarten,SX,SXM
137,S,Africa,Africa settentrionale,Sudan,SD,SDN
179,S,America,America centro meridionale,Suriname,SR,SUR
25,S,Europa,Unione europea,Sweden,SE,SWE
26,S,Europa,Altri paesi europei,Switzerland,CH,CHE
80,S,Asia,Asia occidentale,Syria,SY,SYR
92,S,Asia,Asia orientale,Taiwan,TW,TWN
91,S,Asia,Asia centro meridionale,Tajikistan,TJ,TJK
139,S,Africa,Africa orientale,Tanzania,TZ,TZA
81,S,Asia,Asia orientale,Thailand,TH,THA
71,S,Asia,Asia orientale,Timor Leste,TL,TLS
140,S,Africa,Africa occidentale,Togo,TG,TGO
194,S,Oceania,Oceania,Tonga,TO,TON
180,S,America,America centro meridionale,Trinidad and Tobago,TT,TTO
141,S,Africa,Africa settentrionale,Tunisia,TN,TUN
82,S,Europa,Europa centro orientale,Turkey,TR,TUR
93,S,Asia,Asia centro meridionale,Turkmenistan,TM,TKM
222,T,America,America centro meridionale,Turks and Caicos Islands,TC,TCA
195,S,Oceania,Oceania,Tuvalu,TV,TUV
142,S,Africa,Africa orientale,Uganda,UG,UGA
27,S,Europa,Europa centro orientale,Ukraine,UA,UKR
58,S,Asia,Asia occidentale,United Arab Emirates,AE,ARE
10,S,Europa,Altri paesi europei,United Kingdom,UK,GBR
169,S,America,America settentrionale,United States,US,USA
181,S,America,America centro meridionale,Uruguay,UY,URY
86,S,Asia,Asia centro meridionale,Uzbekistan,UZ,UZB
196,S,Oceania,Oceania,Vanuatu,VU,VUT
30,S,Europa,Altri paesi europei,Vatican City State,VA,VAT
182,S,America,America centro meridionale,Venezuela,VE,VEN
83,S,Asia,Asia orientale,Vietnam,VN,VNM
224,T,Oceania,Oceania,Wallis and Futuna Islands,WF,WLF
199,T,Africa,Africa settentrionale,Western Sahara,EH,ESH
84,S,Asia,Asia occidentale,Yemen,YE,YEM
144,S,Africa,Africa orientale,Zambia,ZM,ZMB
145,S,Africa,Africa orientale,Zimbabwe,ZW,ZWE
